instance_id,user_query,model,examples_used,predicted_tables_and_columns,raw_output,predicted_tables_fq,predicted_columns_fq,example_selection,timestamp,eval_tables_precision,eval_tables_recall,eval_tables_f1,eval_columns_precision,eval_columns_recall,eval_columns_f1
local002,"Can you calculate the 5-day symmetric moving average of predicted toy sales for December 5 to 8, 2018, using daily sales data from January 1, 2017, to August 29, 2018, with a simple linear regression model? Finally provide the sum of those four 5-day moving averages?",azure/o3,,,,order_items;orders;product_category_name_translation;products,order_items.order_id;order_items.order_item_id;order_items.price;order_items.product_id;orders.order_id;orders.order_purchase_timestamp;product_category_name_translation.product_category_name;product_category_name_translation.product_category_name_english;products.product_category_name;products.product_id,"{""candidates_total"": 0, ""chosen_ids"": """"}",2025-10-17T13:15:52,,,,,,
local003,"According to the RFM definition document, calculate the average sales per order for each customer within distinct RFM segments, considering only 'delivered' orders. Use the customer unique identifier. Clearly define how to calculate Recency based on the latest purchase timestamp and specify the criteria for classifying RFM segments. The average sales should be computed as the total spend divided by the total number of orders. Please analyze and report the differences in average sales across the RFM segments",azure/o3,,,,customers;order_items;orders,customers.customer_id;customers.customer_unique_id;order_items.order_id;order_items.price;orders.customer_id;orders.order_id;orders.order_purchase_timestamp;orders.order_status,"{""candidates_total"": 0, ""chosen_ids"": """"}",2025-10-17T13:16:32,,,,,,
local004,"Could you tell me the number of orders, average payment per order and customer lifespan in weeks of the 3 custumers with the highest average payment per order, where the lifespan is calculated by subtracting the earliest purchase date from the latest purchase date in days, dividing by seven, and if the result is less than seven days, setting it to 1.0?",azure/o3,,,,customers;order_payments;orders,customers.customer_id;customers.customer_unique_id;order_payments.order_id;order_payments.payment_value;orders.customer_id;orders.order_id;orders.order_purchase_timestamp,"{""candidates_total"": 0, ""chosen_ids"": """"}",2025-10-17T13:17:00,,,,,,
local007,"Could you help me calculate the average single career span value in years for all baseball players? Please precise the result as a float number. First, calculate the difference in years, months, and days between the debut and final game dates. For each player, the career span is computed as the sum of the absolute number of years, plus the absolute number of months divided by 12, plus the absolute number of days divided by 365. Round each part to two decimal places before summing. Finally, average the career spans and round the result to a float number.",azure/o3,,,,player,player.debut;player.final_game;player.player_id,"{""candidates_total"": 0, ""chosen_ids"": """"}",2025-10-17T13:18:09,,,,,,
local008,"I would like to know the given names of baseball players who have achieved the highest value of games played, runs, hits, and home runs, with their corresponding score values.",azure/o3,,,,batting;player,batting.g;batting.h;batting.hr;batting.player_id;batting.r;batting.year;player.name_first;player.name_given;player.name_last;player.player_id,"{""candidates_total"": 0, ""chosen_ids"": """"}",2025-10-17T13:19:17,,,,,,
local009,What is the distance of the longest route where Abakan is either the departure or destination city (in kilometers)?,azure/o3,,,,airports_data;flights,airports_data.airport_code;airports_data.city;airports_data.coordinates;flights.arrival_airport;flights.departure_airport,"{""candidates_total"": 0, ""chosen_ids"": """"}",2025-10-17T13:19:41,,,,,,
local010,"Distribute all the unique city pairs into the distance ranges 0, 1000, 2000, 3000, 4000, 5000, and 6000+, based on their average distance of all routes between them. Then how many pairs are there in the distance range with the fewest unique city paires?",azure/o3,,,,airports_data;flights,airports_data.airport_code;airports_data.city;airports_data.coordinates;flights.arrival_airport;flights.departure_airport,"{""candidates_total"": 0, ""chosen_ids"": """"}",2025-10-17T13:19:59,,,,,,
local015,"Please calculate the fatality rate for motorcycle collisions, separated by helmet usage. Specifically, calculate two percentages: 1) the percentage of motorcyclist fatalities in collisions where parties (drivers or passengers) were wearing helmets, and 2) the percentage of motorcyclist fatalities in collisions where parties were not wearing helmets. For each group, compute this by dividing the total number of motorcyclist fatalities by the total number of collisions involving that group. Use the parties table to determine helmet usage (from party_safety_equipment fields).",azure/o3,,,,case_ids;collisions;parties,case_ids.case_id;case_ids.db_year;collisions.case_id;collisions.motorcycle_collision;collisions.motorcyclist_killed_count;parties.case_id;parties.party_safety_equipment_1;parties.party_safety_equipment_2;parties.statewide_vehicle_type,"{""candidates_total"": 0, ""chosen_ids"": """"}",2025-10-17T13:20:32,,,,,,
local017,In which year were the two most common causes of traffic accidents different from those in other years?,azure/o3,,,,case_ids;collisions,case_ids.case_id;case_ids.db_year;collisions.case_id;collisions.collision_date;collisions.pcf_violation;collisions.pcf_violation_category;collisions.pcf_violation_code;collisions.primary_collision_factor,"{""candidates_total"": 0, ""chosen_ids"": """"}",2025-10-17T13:20:53,,,,,,
local018,"For the primary collision factor violation category that was the most common cause of traffic accidents in 2021, how many percentage points did its share of annual road incidents in 2021 decrease compared to its share in 2011?",azure/o3,,,,case_ids;collisions,case_ids.case_id;case_ids.db_year;collisions.case_id;collisions.pcf_violation_category,"{""candidates_total"": 0, ""chosen_ids"": """"}",2025-10-17T13:21:11,,,,,,
local019,"For the NXT title that had the shortest match (excluding titles with ""title change""), what were the names of the two wrestlers involved?",azure/o3,,,,Belts;Matches;Wrestlers,Belts.id;Belts.name;Matches.duration;Matches.loser_id;Matches.title_change;Matches.title_id;Matches.winner_id;Wrestlers.id;Wrestlers.name,"{""candidates_total"": 0, ""chosen_ids"": """"}",2025-10-17T13:21:52,,,,,,
local026,"Please help me identify the top 3 bowlers who, in the overs where the maximum runs were conceded in each match, gave up the highest number of runs in a single over across all matches. For each of these bowlers, provide the match in which they conceded these maximum runs. Only consider overs that had the most runs conceded within their respective matches, and among these, determine which bowlers conceded the most runs in a single over overall.",azure/o3,,,,ball_by_ball;batsman_scored;extra_runs;match;player;team,ball_by_ball.bowler;ball_by_ball.innings_no;ball_by_ball.match_id;ball_by_ball.over_id;batsman_scored.ball_id;batsman_scored.innings_no;batsman_scored.match_id;batsman_scored.over_id;batsman_scored.runs_scored;extra_runs.ball_id;extra_runs.extra_runs;extra_runs.innings_no;extra_runs.match_id;extra_runs.over_id;match.match_date;match.match_id;match.team_1;match.team_2;player.player_id;player.player_name;team.name;team.team_id,"{""candidates_total"": 0, ""chosen_ids"": """"}",2025-10-17T13:22:25,,,,,,
local020,Which bowler has the lowest bowling average per wicket taken?,azure/o3,,,,ball_by_ball;batsman_scored;extra_runs;player;wicket_taken,ball_by_ball.ball_id;ball_by_ball.bowler;ball_by_ball.match_id;ball_by_ball.over_id;batsman_scored.ball_id;batsman_scored.match_id;batsman_scored.over_id;batsman_scored.runs_scored;extra_runs.ball_id;extra_runs.extra_runs;extra_runs.extra_type;extra_runs.match_id;extra_runs.over_id;player.player_id;player.player_name;wicket_taken.ball_id;wicket_taken.kind_out;wicket_taken.match_id;wicket_taken.over_id,"{""candidates_total"": 0, ""chosen_ids"": """"}",2025-10-17T13:22:57,,,,,,
local021,Could you calculate the average of the total runs scored by all strikers who have scored more than 50 runs in any single match?,azure/o3,,,,ball_by_ball;batsman_scored;player,ball_by_ball.ball_id;ball_by_ball.innings_no;ball_by_ball.match_id;ball_by_ball.over_id;ball_by_ball.striker;batsman_scored.ball_id;batsman_scored.innings_no;batsman_scored.match_id;batsman_scored.over_id;batsman_scored.runs_scored;player.player_id;player.player_name,"{""candidates_total"": 0, ""chosen_ids"": """"}",2025-10-17T13:23:23,,,,,,
local022,Retrieve the names of players who scored no less than 100 runs in a match while playing for the team that lost that match.,azure/o3,,,,ball_by_ball;batsman_scored;match;player;player_match,ball_by_ball.ball_id;ball_by_ball.innings_no;ball_by_ball.match_id;ball_by_ball.over_id;ball_by_ball.striker;batsman_scored.ball_id;batsman_scored.innings_no;batsman_scored.match_id;batsman_scored.over_id;batsman_scored.runs_scored;match.match_id;match.match_winner;player.player_id;player.player_name;player_match.match_id;player_match.player_id;player_match.team_id,"{""candidates_total"": 0, ""chosen_ids"": """"}",2025-10-17T13:23:56,,,,,,
local023,"Please help me find the names of top 5 players with the highest average runs per match in season 5, along with their batting averages.",azure/o3,,,,ball_by_ball;batsman_scored;match;player;player_match,ball_by_ball.ball_id;ball_by_ball.match_id;ball_by_ball.over_id;ball_by_ball.striker;batsman_scored.ball_id;batsman_scored.match_id;batsman_scored.over_id;batsman_scored.runs_scored;match.match_id;match.season_id;player.player_id;player.player_name;player_match.match_id;player_match.player_id,"{""candidates_total"": 0, ""chosen_ids"": """"}",2025-10-17T13:24:33,,,,,,
local024,"Can you help me find the top 5 countries whose players have the highest average of their individual average runs per match across all seasons? Specifically, for each player, calculate their average runs per match over all matches they played, then compute the average of these player averages for each country, and include these country batting averages in the result.",azure/o3,,,,ball_by_ball;batsman_scored;player;player_match,ball_by_ball.ball_id;ball_by_ball.match_id;ball_by_ball.over_id;ball_by_ball.striker;batsman_scored.ball_id;batsman_scored.match_id;batsman_scored.over_id;batsman_scored.runs_scored;player.country_name;player.player_id;player_match.match_id;player_match.player_id,"{""candidates_total"": 0, ""chosen_ids"": """"}",2025-10-17T13:25:09,,,,,,
local025,"For each match, considering every innings, please combine runs from both batsman scored and extra runs for each over, then identify the single over with the highest total runs, retrieve the bowler for that over from the ball by ball table, and calculate the average of these highest over totals across all matches, ensuring that all runs and bowler details are accurately reflected.",azure/o3,,,,ball_by_ball;batsman_scored;extra_runs;player,ball_by_ball.bowler;ball_by_ball.innings_no;ball_by_ball.match_id;ball_by_ball.over_id;batsman_scored.innings_no;batsman_scored.match_id;batsman_scored.over_id;batsman_scored.runs_scored;extra_runs.extra_runs;extra_runs.innings_no;extra_runs.match_id;extra_runs.over_id;player.player_id;player.player_name,"{""candidates_total"": 0, ""chosen_ids"": """"}",2025-10-17T13:25:40,,,,,,
local028,"Could you generate a report that shows the number of delivered orders for each month in the years 2016, 2017, and 2018? Each column represents a year, and each row represents a month",azure/o3,,,,olist_orders,olist_orders.order_delivered_customer_date;olist_orders.order_id;olist_orders.order_status,"{""candidates_total"": 0, ""chosen_ids"": """"}",2025-10-17T13:26:04,,,,,,
local031,"What is the highest monthly delivered orders volume in the year with the lowest annual delivered orders volume among 2016, 2017, and 2018?",azure/o3,,,,olist_orders,olist_orders.order_delivered_customer_date;olist_orders.order_id;olist_orders.order_status,"{""candidates_total"": 0, ""chosen_ids"": """"}",2025-10-17T13:26:33,,,,,,
local029,"Please identify the top three customers, based on their customer_unique_id, who have the highest number of delivered orders, and provide the average payment value, city, and state for each of these customers.",azure/o3,,,,olist_customers;olist_order_payments;olist_orders,olist_customers.customer_city;olist_customers.customer_id;olist_customers.customer_state;olist_customers.customer_unique_id;olist_order_payments.order_id;olist_order_payments.payment_value;olist_orders.customer_id;olist_orders.order_id;olist_orders.order_status,"{""candidates_total"": 0, ""chosen_ids"": """"}",2025-10-17T13:27:01,,,,,,
local030,"Among all cities with delivered orders, find the five cities whose summed payments are the lowest, then calculate the average of their total payments and the average of their total delivered order counts.",azure/o3,,,,olist_customers;olist_order_payments;olist_orders,olist_customers.customer_city;olist_customers.customer_id;olist_order_payments.order_id;olist_order_payments.payment_value;olist_orders.customer_id;olist_orders.order_delivered_customer_date;olist_orders.order_id,"{""candidates_total"": 0, ""chosen_ids"": """"}",2025-10-17T13:27:35,,,,,,
local032,"Could you help me find the sellers who excel in the following categories, considering only delivered orders: the seller with the highest number of distinct customer unique IDs, the seller with the highest profit (calculated as price minus freight value), the seller with the highest number of distinct orders, and the seller with the most 5-star ratings? For each category, please provide the seller ID and the corresponding value, labeling each row with a description of the achievement.",azure/o3,,,,olist_customers;olist_order_items;olist_order_reviews;olist_orders;olist_sellers,olist_customers.customer_id;olist_customers.customer_unique_id;olist_order_items.freight_value;olist_order_items.order_id;olist_order_items.price;olist_order_items.seller_id;olist_order_reviews.order_id;olist_order_reviews.review_score;olist_orders.customer_id;olist_orders.order_id;olist_orders.order_status;olist_sellers.seller_id,"{""candidates_total"": 0, ""chosen_ids"": """"}",2025-10-17T13:28:06,,,,,,
local034,"Could you help me calculate the average of the total number of payments made using the most preferred payment method for each product category, where the most preferred payment method in a category is the one with the highest number of payments?",azure/o3,,,,olist_order_items;olist_order_payments;olist_products,olist_order_items.order_id;olist_order_items.product_id;olist_order_payments.order_id;olist_order_payments.payment_type;olist_products.product_category_name;olist_products.product_id,"{""candidates_total"": 0, ""chosen_ids"": """"}",2025-10-17T14:03:45,,,,,,
local037,"Identify the top three product categories whose most commonly used payment type has the highest number of payments across all categories, and specify the number of payments made in each category using that payment type.",azure/o3,,,,olist_order_items;olist_order_payments;olist_products;product_category_name_translation,olist_order_items.order_id;olist_order_items.product_id;olist_order_payments.order_id;olist_order_payments.payment_type;olist_products.product_category_name;olist_products.product_id;product_category_name_translation.product_category_name;product_category_name_translation.product_category_name_english,"{""candidates_total"": 0, ""chosen_ids"": """"}",2025-10-17T14:04:19,,,,,,
local035,"In the “olist_geolocation” table, please identify which two consecutive cities, when sorted by geolocation_state, geolocation_city, geolocation_zip_code_prefix, geolocation_lat, and geolocation_lng, have the greatest distance between them based on the difference in distance computed between each city and its immediate predecessor in that ordering.",azure/o3,,,,olist_geolocation,olist_geolocation.geolocation_city;olist_geolocation.geolocation_lat;olist_geolocation.geolocation_lng;olist_geolocation.geolocation_state;olist_geolocation.geolocation_zip_code_prefix,"{""candidates_total"": 0, ""chosen_ids"": """"}",2025-10-17T14:04:40,,,,,,
local038,"Could you help me determine which actor starred most frequently in English-language children's category films that were rated either G or PG, had a running time of 120 minutes or less, and were released between 2000 and 2010? Please provide the actor's full name.",azure/o3,,,,actor;category;film;film_actor;film_category;language,actor.actor_id;actor.first_name;actor.last_name;category.category_id;category.name;film.film_id;film.language_id;film.length;film.rating;film.release_year;film.title;film_actor.actor_id;film_actor.film_id;film_category.category_id;film_category.film_id;language.language_id;language.name,"{""candidates_total"": 0, ""chosen_ids"": """"}",2025-10-17T14:05:13,,,,,,
local039,"Please help me find the film category with the highest total rental hours in cities where the city's name either starts with ""A"" or contains a hyphen. ",azure/o3,,,,address;category;city;customer;film_category;inventory;rental,address.address_id;address.city_id;category.category_id;category.name;city.city;city.city_id;customer.address_id;customer.customer_id;film_category.category_id;film_category.film_id;inventory.film_id;inventory.inventory_id;rental.customer_id;rental.inventory_id;rental.rental_date;rental.return_date,"{""candidates_total"": 0, ""chosen_ids"": """"}",2025-10-17T14:06:12,,,,,,
local040,"In the combined dataset that unifies the trees data with the income data by ZIP code, filling missing ZIP values where necessary, which three boroughs, restricted to records with median and mean income both greater than zero and a valid borough name, contain the highest number of trees, and what is the average mean income for each of these three boroughs?",azure/o3,,,,income_trees;trees,income_trees.Estimate_Mean_income;income_trees.Estimate_Median_income;income_trees.zipcode;trees.boroname;trees.tree_id;trees.zipcode,"{""candidates_total"": 0, ""chosen_ids"": """"}",2025-10-17T14:06:44,,,,,,
local041,What percentage of trees in the Bronx have a health status of Good?,azure/o3,,,,trees,trees.boroname;trees.health;trees.tree_id,"{""candidates_total"": 0, ""chosen_ids"": """"}",2025-10-17T14:07:13,,,,,,
local049,Can you help me calculate the average number of new unicorn companies per year in the top industry from 2019 to 2021?,azure/o3,,,,companies_dates;companies_funding;companies_industries,companies_dates.company_id;companies_dates.date_joined;companies_funding.company_id;companies_funding.valuation;companies_industries.company_id;companies_industries.industry,"{""candidates_total"": 0, ""chosen_ids"": """"}",2025-10-17T14:07:45,,,,,,
local054,"Could you tell me the first names of customers who spent less than $1 on albums by the best-selling artist, along with the amounts they spent?",azure/o3,,,,albums;customers;invoice_items;invoices;tracks,albums.AlbumId;albums.ArtistId;customers.CustomerId;customers.FirstName;invoice_items.InvoiceId;invoice_items.Quantity;invoice_items.TrackId;invoice_items.UnitPrice;invoices.CustomerId;invoices.InvoiceId;tracks.AlbumId;tracks.TrackId,"{""candidates_total"": 0, ""chosen_ids"": """"}",2025-10-17T14:08:23,,,,,,
local055,"Identify the artist with the highest overall sales of albums (tie broken by alphabetical order) and the artist with the lowest overall sales of albums (tie broken by alphabetical order), then calculate the amount each customer spent specifically on those two artists’ albums. Next, compute the average spending for the customers who purchased from the top-selling artist and the average spending for the customers who purchased from the lowest-selling artist, and finally return the absolute difference between these two averages.",azure/o3,,,,albums;artists;customers;invoice_items;invoices;tracks,albums.AlbumId;albums.ArtistId;artists.ArtistId;artists.Name;customers.CustomerId;invoice_items.InvoiceId;invoice_items.Quantity;invoice_items.TrackId;invoice_items.UnitPrice;invoices.CustomerId;invoices.InvoiceId;tracks.AlbumId;tracks.TrackId,"{""candidates_total"": 0, ""chosen_ids"": """"}",2025-10-17T14:08:52,,,,,,
local198,"Using the sales data, what is the median value of total sales made in countries where the number of customers is greater than 4?",azure/o3,,,,customers;invoices,customers.Country;customers.CustomerId;invoices.CustomerId;invoices.Total,"{""candidates_total"": 0, ""chosen_ids"": """"}",2025-10-17T14:09:22,,,,,,
local056,Which customer has the highest average monthly change in payment amounts? Provide the customer's full name.,azure/o3,,,,customer;payment,customer.customer_id;customer.first_name;customer.last_name;payment.amount;payment.customer_id;payment.payment_date,"{""candidates_total"": 0, ""chosen_ids"": """"}",2025-10-17T14:09:52,,,,,,
local058,"Can you provide a list of hardware product segments along with their unique product counts for 2020 in the output, ordered by the highest percentage increase in unique fact sales products from 2020 to 2021?",azure/o3,,,,hardware_dim_product;hardware_fact_sales_monthly,hardware_dim_product.product_code;hardware_dim_product.segment;hardware_fact_sales_monthly.fiscal_year;hardware_fact_sales_monthly.product_code,"{""candidates_total"": 0, ""chosen_ids"": """"}",2025-10-17T14:10:28,,,,,,
local059,"For the calendar year 2021, what is the overall average quantity sold of the top three best-selling hardware products (by total quantity sold) in each division?",azure/o3,,,,hardware_dim_product;hardware_fact_sales_monthly,hardware_dim_product.division;hardware_dim_product.product;hardware_dim_product.product_code;hardware_fact_sales_monthly.fiscal_year;hardware_fact_sales_monthly.product_code;hardware_fact_sales_monthly.sold_quantity,"{""candidates_total"": 0, ""chosen_ids"": """"}",2025-10-17T14:11:13,,,,,,
local060,"In the United States, for Q4 2019 and Q4 2020, first select only those cities where total sales (with no promotions) rose by at least 20% from Q4 2019 to Q4 2020. Among these cities, rank products by their overall sales (still excluding promotions) in those quarters and take the top 20%. Then compute each top product’s share of total sales in Q4 2019 and Q4 2020 and calculate the difference in share from Q4 2019 to Q4 2020, returning the results in descending order of that share change.",azure/o3,,,,countries;customers;products;promotions;sales;times,countries.country_id;countries.country_name;customers.country_id;customers.cust_city;customers.cust_city_id;customers.cust_id;products.prod_id;products.prod_name;promotions.promo_id;sales.amount_sold;sales.cust_id;sales.prod_id;sales.promo_id;sales.quantity_sold;sales.time_id;times.calendar_quarter_number;times.calendar_year;times.time_id,"{""candidates_total"": 0, ""chosen_ids"": """"}",2025-10-17T14:11:55,,,,,,
local063,"Among all products sold in the United States with promo_id=999, considering only those cities whose sales increased by at least 20% from Q4 2019 (calendar_quarter_id=1772) to Q4 2020 (calendar_quarter_id=1776), which product that ranks in the top 20% of total sales has the smallest percentage-point change in its share of total sales between these two quarters?",azure/o3,,,,countries;customers;products;sales;times,countries.country_id;countries.country_name;customers.country_id;customers.cust_city;customers.cust_city_id;customers.cust_id;products.prod_id;products.prod_name;sales.amount_sold;sales.cust_id;sales.prod_id;sales.promo_id;sales.time_id;times.calendar_quarter_id;times.calendar_year;times.time_id,"{""candidates_total"": 0, ""chosen_ids"": """"}",2025-10-17T14:12:40,,,,,,
local061,"What is the average projected monthly sales in USD for France in 2021, considering only product sales with promotions where promo_total_id = 1 and channels where channel_total_id = 1, by taking each product’s monthly sales from 2019 and 2020, calculating the growth rate from 2019 to 2020 for that same product and month, applying this growth rate to project 2021 monthly sales, converting all projected 2021 amounts to USD with the 2021 exchange rates, and finally averaging and listing them by month?",azure/o3,,,,channels;countries;currency;customers;products;promotions;sales;times,channels.channel_id;channels.channel_total_id;countries.country_id;countries.country_name;currency.country;currency.month;currency.to_us;currency.year;customers.country_id;customers.cust_id;products.prod_id;products.prod_name;promotions.promo_id;promotions.promo_total_id;sales.amount_sold;sales.channel_id;sales.cust_id;sales.prod_id;sales.promo_id;sales.time_id;times.calendar_month_number;times.calendar_year;times.time_id,"{""candidates_total"": 0, ""chosen_ids"": """"}",2025-10-17T14:13:18,,,,,,
local050,"What is the median of the average monthly projected sales in USD for France in 2021, calculated by using the monthly sales data from 2019 and 2020 (filtered by promo_total_id=1 and channel_total_id=1), applying the growth rate from 2019 to 2020 to project 2021, converting to USD based on the currency table, and then determining the monthly averages before finding their median?",azure/o3,,,,channels;countries;currency;customers;promotions;sales;times,channels.channel_id;channels.channel_total_id;countries.country_id;countries.country_name;currency.country;currency.month;currency.to_us;currency.year;customers.country_id;customers.cust_id;promotions.promo_id;promotions.promo_total_id;sales.amount_sold;sales.channel_id;sales.cust_id;sales.promo_id;sales.time_id;times.calendar_month_number;times.calendar_year;times.time_id,"{""candidates_total"": 0, ""chosen_ids"": """"}",2025-10-17T14:13:55,,,,,,
local062,"Please group all Italian customers into ten buckets for December 2021 by summing their profits from all products purchased (where profit is calculated as quantity_sold multiplied by the difference between unit_price and unit_cost), then divide the overall range of total monthly profits into ten equal intervals. For each bucket, provide the number of customers, and identify the minimum and maximum total profits within that bucket.",azure/o3,,,,costs;countries;customers;sales;times,costs.prod_id;costs.time_id;costs.unit_cost;costs.unit_price;countries.country_id;countries.country_iso_code;countries.country_name;customers.country_id;customers.cust_id;sales.cust_id;sales.prod_id;sales.quantity_sold;sales.time_id;times.calendar_month_number;times.calendar_year;times.time_id,"{""candidates_total"": 0, ""chosen_ids"": """"}",2025-10-17T14:14:32,,,,,,
local067,Can you provide the highest and lowest profits for Italian customers segmented into ten evenly divided tiers based on their December 2021 sales profits?,azure/o3,,,,costs;countries;currency;customers;sales;times,costs.prod_id;costs.time_id;costs.unit_cost;countries.country_id;countries.country_name;currency.country;currency.month;currency.to_us;currency.year;customers.country_id;customers.cust_first_name;customers.cust_id;customers.cust_last_name;sales.amount_sold;sales.cust_id;sales.prod_id;sales.quantity_sold;sales.time_id;times.calendar_month_desc;times.calendar_month_number;times.calendar_year;times.time_id,"{""candidates_total"": 0, ""chosen_ids"": """"}",2025-10-17T14:15:15,,,,,,
local070,"Please examine our database records for Chinese cities (country_code_2 = 'cn') during July 2021 and identify both the shortest and longest streaks of consecutive date entries. For each date in these streaks, return exactly one record per date along with the corresponding city name. In your output, please ensure the first letter of each city name is capitalized and the rest are lowercase. Display the dates and city names for both the shortest and longest consecutive date streaks, ordered by date.",azure/o3,,,,cities,cities.city_id;cities.city_name;cities.country_code_2;cities.insert_date,"{""candidates_total"": 0, ""chosen_ids"": """"}",2025-10-17T14:15:52,,,,,,
local071,Could you review our records in June 2022 and identify which countries have the longest streak of consecutive inserted city dates? Please list the 2-letter length country codes of these countries.,azure/o3,,,,cities,cities.city_id;cities.country_code_2;cities.insert_date,"{""candidates_total"": 0, ""chosen_ids"": """"}",2025-10-17T14:16:44,,,,,,
local072,"Identify the country with data inserted on nine different days in January 2022. Then, find the longest consecutive period with data insertions for this country during January 2022, and calculate the proportion of entries that are from its capital city within this longest consecutive insertion period.",azure/o3,,,,cities;cities_countries,cities.capital;cities.city_id;cities.city_name;cities.country_code_2;cities.insert_date;cities_countries.country_code_2;cities_countries.country_name,"{""candidates_total"": 0, ""chosen_ids"": """"}",2025-10-17T14:17:34,,,,,,
local068,"Calculate the number of new cities inserted in April, May, and June for each year from 2021 to 2023. For each month, compute the cumulative running total of cities added for that specific month across the years up to and including the given year (i.e., sum the counts of that month over the years). Additionally, calculate the year-over-year growth percentages for both the monthly total and the running total for each month, comparing each year to the previous year. Present the results only for 2022 and 2023, listing the year, the month, the total number of cities added in that month, the cumulative running total for that month, and the year-over-year growth percentages for both the monthly total and the running total. Use the data from 2021 solely as a baseline for calculating growth rates, and exclude it from the final output.",azure/o3,,,,cities;legislation_date_dim,cities.city_id;cities.insert_date;legislation_date_dim.date;legislation_date_dim.month_name,"{""candidates_total"": 0, ""chosen_ids"": """"}",2025-10-17T14:18:06,,,,,,
local073,"For each pizza order, please list a single result row containing the row ID, order ID, customer ID, pizza name, and the final set of ingredients. The final set of ingredients should be determined by taking the standard toppings from the pizza’s recipe, removing any toppings specified as exclusions, then adding any toppings specified as extras. The resulting ingredients must be presented in alphabetical order, prefixed by ‘2x’ if the same ingredient appears multiple times (for example, if both standard and extra or added multiple times), and concatenated into a string that begins with the pizza name followed by ‘: ’. Group by row ID, order ID, pizza name, and order time so that each order appears once, and return the listing of toppings in ascending order by row ID, ensuring that ‘Meatlovers’ pizzas receive a pizza_id of 1 while all others receive a pizza_id of 2.",azure/o3,,,,pizza_customer_orders;pizza_get_exclusions;pizza_get_extras;pizza_names;pizza_recipes;pizza_toppings,pizza_customer_orders.customer_id;pizza_customer_orders.exclusions;pizza_customer_orders.extras;pizza_customer_orders.order_id;pizza_customer_orders.order_time;pizza_customer_orders.pizza_id;pizza_get_exclusions.exclusions;pizza_get_exclusions.order_id;pizza_get_exclusions.row_id;pizza_get_extras.extras;pizza_get_extras.order_id;pizza_get_extras.row_id;pizza_names.pizza_id;pizza_names.pizza_name;pizza_recipes.pizza_id;pizza_recipes.toppings;pizza_toppings.topping_id;pizza_toppings.topping_name,"{""candidates_total"": 0, ""chosen_ids"": """"}",2025-10-17T14:18:49,,,,,,
local066,"Based on our customer pizza order information, summarize the total quantity of each ingredient used in the pizzas we delivered. Output the name and quantity for each ingredient.",azure/o3,,,,pizza_clean_customer_orders;pizza_clean_runner_orders;pizza_recipes;pizza_toppings,pizza_clean_customer_orders.exclusions;pizza_clean_customer_orders.extras;pizza_clean_customer_orders.order_id;pizza_clean_customer_orders.pizza_id;pizza_clean_runner_orders.cancellation;pizza_clean_runner_orders.order_id;pizza_recipes.pizza_id;pizza_recipes.toppings;pizza_toppings.topping_id;pizza_toppings.topping_name,"{""candidates_total"": 0, ""chosen_ids"": """"}",2025-10-17T14:19:31,,,,,,
local065,Calculate the total income from Meat Lovers pizzas priced at $12 and Vegetarian pizzas at $10. Include any extra toppings charged at $1 each. Ensure that canceled orders are filtered out. How much money has Pizza Runner earned in total?,azure/o3,,,,pizza_customer_orders;pizza_get_extras;pizza_names;pizza_runner_orders,pizza_customer_orders.order_id;pizza_customer_orders.pizza_id;pizza_get_extras.extras_count;pizza_get_extras.order_id;pizza_names.pizza_id;pizza_names.pizza_name;pizza_runner_orders.cancellation;pizza_runner_orders.order_id,"{""candidates_total"": 0, ""chosen_ids"": """"}",2025-10-17T14:20:16,,,,,,
local074,"Please generate a summary of the closing balances at the end of each month for each customer transactions, show the monthly changes and monthly cumulative bank account balances. Ensure that even if a customer has no account activity in a given month, the balance for that month is still included in the output.",azure/o3,,,,customer_transactions,customer_transactions.customer_id;customer_transactions.txn_amount;customer_transactions.txn_date;customer_transactions.txn_type,"{""candidates_total"": 0, ""chosen_ids"": """"}",2025-10-17T14:21:11,,,,,,
local064,"For each customer and each month of 2020, first calculate the month-end balance by adding all deposit amounts and subtracting all withdrawal amounts that occurred during that specific month. Then determine which month in 2020 has the highest count of customers with a positive month-end balance and which month has the lowest count. For each of these two months, compute the average month-end balance across all customers and provide the difference between these two averages",azure/o3,,,,customer_transactions,customer_transactions.customer_id;customer_transactions.txn_amount;customer_transactions.txn_date;customer_transactions.txn_type,"{""candidates_total"": 0, ""chosen_ids"": """"}",2025-10-17T14:22:02,,,,,,
local297,"For each customer, group all deposits and withdrawals by the first day of each month to obtain a monthly net amount, then calculate each month’s closing balance by cumulatively summing these monthly nets. Next, determine the most recent month’s growth rate by comparing its closing balance to the prior month’s balance, treating deposits as positive and withdrawals as negative, and if the previous month’s balance is zero, the growth rate should be the current month’s balance multiplied by 100. Finally, compute the percentage of customers whose most recent month shows a growth rate of more than 5%.",azure/o3,,,,customer_transactions,customer_transactions.customer_id;customer_transactions.txn_amount;customer_transactions.txn_date;customer_transactions.txn_type,"{""candidates_total"": 0, ""chosen_ids"": """"}",2025-10-17T14:22:49,,,,,,
local298,"For each month, calculate the total balance from all users for the previous month (measured as of the 1st of each month), replacing any negative balances with zero. Ensure that data from the first month is used only as a baseline for calculating previous total balance, and exclude it from the final output. Sort the results in ascending order by month. ",azure/o3,,,,customer_transactions,customer_transactions.customer_id;customer_transactions.txn_amount;customer_transactions.txn_date;customer_transactions.txn_type,"{""candidates_total"": 0, ""chosen_ids"": """"}",2025-10-17T14:23:32,,,,,,
local299,"For a bank database with customer transactions, calculate each customer's daily running balance (where deposits add to the balance and other transaction types subtract). For each customer and each day, compute the 30-day rolling average balance (only after having 30 days of data, and treating negative averages as zero). Then group these daily averages by month and find each customer's maximum 30-day average balance within each month. Sum these maximum values across all customers for each month. Consider the first month of each customer's transaction history as the baseline period and exclude it from the final results, presenting monthly totals of these summed maximum 30-day average balances.",azure/o3,,,,customer_transactions,customer_transactions.customer_id;customer_transactions.txn_amount;customer_transactions.txn_date;customer_transactions.txn_type,"{""candidates_total"": 0, ""chosen_ids"": """"}",2025-10-17T14:24:11,,,,,,
local300,"For each customer, calculate their daily balances for every day between their earliest and latest transaction dates, including days without transactions by carrying forward the previous day's balance. Treat any negative daily balances as zero. Then, for each month, determine the highest daily balance each customer had during that month. Finally, for each month, sum these maximum daily balances across all customers to obtain a monthly total.",azure/o3,,,,customer_transactions,customer_transactions.customer_id;customer_transactions.txn_amount;customer_transactions.txn_date;customer_transactions.txn_type,"{""candidates_total"": 0, ""chosen_ids"": """"}",2025-10-17T14:24:59,,,,,,
local075,"Can you provide a breakdown of how many times each product was viewed, how many times they were added to the shopping cart, and how many times they were left in the cart without being purchased? Also, give me the count of actual purchases for each product. Ensure that products with a page id in (1, 2, 12, 13) are filtered out.",azure/o3,,,,shopping_cart_event_identifier;shopping_cart_events;shopping_cart_page_hierarchy,shopping_cart_event_identifier.event_name;shopping_cart_event_identifier.event_type;shopping_cart_events.event_type;shopping_cart_events.page_id;shopping_cart_events.visit_id;shopping_cart_page_hierarchy.page_id;shopping_cart_page_hierarchy.product_category;shopping_cart_page_hierarchy.product_id,"{""candidates_total"": 0, ""chosen_ids"": """"}",2025-10-17T14:25:52,,,,,,
local077,"Please analyze our interest data from September 2018 to August 2019. For each month, calculate the average composition for each interest by dividing the composition by the index value. Identify the interest with the highest average composition value each month and report its average composition as the max index composition for that month. Compute the three-month rolling average of these monthly max index compositions. Ensure the output includes the date, the interest name, the max index composition for that month, the rolling average, and the names and max index compositions of the top interests from one month ago and two months ago.",azure/o3,,,,interest_map;interest_metrics,interest_map.id;interest_map.interest_name;interest_metrics._month;interest_metrics._year;interest_metrics.composition;interest_metrics.index_value;interest_metrics.interest_id;interest_metrics.month_year,"{""candidates_total"": 0, ""chosen_ids"": """"}",2025-10-17T14:26:26,,,,,,
local078,"Identify the top 10 and bottom 10 interest categories based on their highest composition values across all months. For each category, display the time(MM-YYYY), interest name, and the composition value",azure/o3,,,,interest_map;interest_metrics,interest_map.id;interest_map.interest_name;interest_metrics.composition;interest_metrics.interest_id;interest_metrics.month_year,"{""candidates_total"": 0, ""chosen_ids"": """"}",2025-10-17T14:27:11,,,,,,
local081,"Considering only the customers who placed orders in 1998, calculate the total amount each customer spent by summing the unit price multiplied by the quantity of all products in their orders, excluding any discounts. Assign each customer to a spending group based on the customer group thresholds, and determine how many customers are in each spending group and what percentage of the total number of customers who placed orders in 1998 each group represents.",azure/o3,,,,customergroupthreshold;customers;order_details;orders,customergroupthreshold.groupname;customergroupthreshold.rangebottom;customergroupthreshold.rangetop;customers.companyname;customers.customerid;order_details.orderid;order_details.quantity;order_details.unitprice;orders.customerid;orders.orderdate;orders.orderid,"{""candidates_total"": 0, ""chosen_ids"": """"}",2025-10-17T14:27:45,,,,,,
local085,"Among employees who have more than 50 total orders, which three have the highest percentage of late orders, where an order is considered late if the shipped date is on or after its required date? Please list each employee's ID, the number of late orders, and the corresponding late-order percentage.",azure/o3,,,,employees;orders,employees.employeeid;orders.employeeid;orders.requireddate;orders.shippeddate,"{""candidates_total"": 0, ""chosen_ids"": """"}",2025-10-17T14:28:21,,,,,,
local096,"For each year, calculate the percentage of films that had exclusively female actors (meaning no male actors and no actors with unknown/unspecified gender). Consider actors with gender marked as 'Male' or 'None' as non-female. For the results, display the year, the total number of movies in that year, and the percentage of movies with exclusively female actors. Extract the year from the Movie.year field by taking the last 4 characters and converting to a number.",azure/o3,,,,M_Cast;Movie;Person,M_Cast.MID;M_Cast.PID;Movie.MID;Movie.year;Person.Gender;Person.PID,"{""candidates_total"": 0, ""chosen_ids"": """"}",2025-10-17T14:28:55,,,,,,
local097,"Could you analyze our data and identify which ten-year period starting from any movie release year present in the data had the largest number of films, considering consecutive ten-year periods beginning at each unique year? Only output the start year and the total count for that specific period.",azure/o3,,,,Movie,Movie.MID;Movie.year,"{""candidates_total"": 0, ""chosen_ids"": """"}",2025-10-17T14:29:26,,,,,,
local098,"From the first year each actor appeared in a film to the last, how many actors in the database never had a gap longer than three consecutive years without at least one new movie appearance, meaning there is no four-year span anywhere in their active career without at least a single film credit?",azure/o3,,,,M_Cast;Movie;Person,M_Cast.MID;M_Cast.PID;Movie.MID;Movie.year;Person.PID,"{""candidates_total"": 0, ""chosen_ids"": """"}",2025-10-17T14:29:48,,,,,,
local099,I need you to look into the actor collaborations and tell me how many actors have made more films with Yash Chopra than with any other director. This will help us understand his influence on the industry better.,azure/o3,,,,M_Cast;M_Director;Person,M_Cast.MID;M_Cast.PID;M_Director.MID;M_Director.PID;Person.Name;Person.PID,"{""candidates_total"": 0, ""chosen_ids"": """"}",2025-10-17T14:30:29,,,,,,
local100,"Find out how many actors have a 'Shahrukh number' of 2? This means they acted in a film with someone who acted with Shahrukh Khan, but not directly with him.",azure/o3,,,,M_Cast;Person,M_Cast.MID;M_Cast.PID;Person.Name;Person.PID,"{""candidates_total"": 0, ""chosen_ids"": """"}",2025-10-17T14:30:59,,,,,,
local114,"Provide a detailed web sales report for each region, including the number of orders, total sales amount, and the name and sales amount of all sales representatives who achieved the highest total sales amount in that region (include all representatives in case of a tie).",azure/o3,,,,web_accounts;web_orders;web_region;web_sales_reps,web_accounts.id;web_accounts.sales_rep_id;web_orders.account_id;web_orders.id;web_orders.total_amt_usd;web_region.id;web_region.name;web_sales_reps.id;web_sales_reps.name;web_sales_reps.region_id,"{""candidates_total"": 0, ""chosen_ids"": """"}",2025-10-17T14:32:01,,,,,,
local128,"List the bowlers (including their ID, first name, and last name), match number, game number, handicap score, tournament date, and location for only those bowlers who have won games with a handicap score of 190 or less at all three venues: Thunderbird Lanes, Totem Lanes, and Bolero Lanes. Only include the specific game records where they won with a handicap score of 190 or less at these three locations.",azure/o3,,,,Bowler_Scores;Bowler_Scores_Archive;Bowlers;Tournaments;Tournaments_Archive;Tourney_Matches;Tourney_Matches_Archive,Bowler_Scores.BowlerID;Bowler_Scores.GameNumber;Bowler_Scores.HandiCapScore;Bowler_Scores.MatchID;Bowler_Scores.WonGame;Bowler_Scores_Archive.BowlerID;Bowler_Scores_Archive.GameNumber;Bowler_Scores_Archive.HandiCapScore;Bowler_Scores_Archive.MatchID;Bowler_Scores_Archive.WonGame;Bowlers.BowlerFirstName;Bowlers.BowlerID;Bowlers.BowlerLastName;Tournaments.TourneyDate;Tournaments.TourneyID;Tournaments.TourneyLocation;Tournaments_Archive.TourneyDate;Tournaments_Archive.TourneyID;Tournaments_Archive.TourneyLocation;Tourney_Matches.MatchID;Tourney_Matches.TourneyID;Tourney_Matches_Archive.MatchID;Tourney_Matches_Archive.TourneyID,"{""candidates_total"": 0, ""chosen_ids"": """"}",2025-10-17T14:32:44,,,,,,
local130,"Could you provide a list of last names for all students who have completed English courses (where completion is defined as having a ClassStatus of 2), along with their quintile ranks based on their individual grades in those courses? The quintile should be determined by calculating how many students have grades greater than or equal to each student's grade, then dividing this ranking by the total number of students who completed English courses. The quintiles should be labeled as ""First"" (top 20%), ""Second"" (top 21-40%), ""Third"" (top 41-60%), ""Fourth"" (top 61-80%), and ""Fifth"" (bottom 20%). Please sort the results from highest performing quintile to lowest (First to Fifth).",azure/o3,,,,Categories;Classes;Student_Schedules;Students;Subjects,Categories.CategoryDescription;Categories.CategoryID;Classes.ClassID;Classes.SubjectID;Student_Schedules.ClassID;Student_Schedules.ClassStatus;Student_Schedules.Grade;Student_Schedules.StudentID;Students.StudentID;Students.StudLastName;Subjects.CategoryID;Subjects.SubjectID;Subjects.SubjectName,"{""candidates_total"": 0, ""chosen_ids"": """"}",2025-10-17T14:33:32,,,,,,
local131,"Could you list each musical style with the number of times it appears as a 1st, 2nd, or 3rd preference in a single row per style?",azure/o3,,,,Musical_Preferences;Musical_Styles,Musical_Preferences.PreferenceSeq;Musical_Preferences.StyleID;Musical_Styles.StyleID;Musical_Styles.StyleName,"{""candidates_total"": 0, ""chosen_ids"": """"}",2025-10-17T14:34:02,,,,,,
local133,"Given a database of musical styles and user preferences, where Musical_Preferences contains user rankings of musical styles (PreferenceSeq=1 for first choice, PreferenceSeq=2 for second choice, PreferenceSeq=3 for third choice): Calculate a weighted score for each musical style by assigning 3 points for each time it was ranked as first choice, 2 points for each second choice, and 1 point for each third choice ranking. Calculate the total weighted score for each musical style that has been ranked by at least one user. Then, compute the absolute difference between each style's total weighted score and the average total weighted score across all such styles.	",azure/o3,,,,Musical_Preferences;Musical_Styles,Musical_Preferences.PreferenceSeq;Musical_Preferences.StyleID;Musical_Styles.StyleID;Musical_Styles.StyleName,"{""candidates_total"": 0, ""chosen_ids"": """"}",2025-10-17T14:34:29,,,,,,
local132,"Show all pairs of entertainers and customers who each have up to three style strengths or preferences, where the first and second style preferences of the customers match the first and second style strengths of the entertainers (or in reverse order). Only return the entertainer’s stage name and the customer’s last name",azure/o3,,,,Customers;Entertainer_Styles;Entertainers;Musical_Preferences,Customers.CustLastName;Customers.CustomerID;Entertainer_Styles.EntertainerID;Entertainer_Styles.StyleID;Entertainer_Styles.StyleStrength;Entertainers.EntertainerID;Entertainers.EntStageName;Musical_Preferences.CustomerID;Musical_Preferences.PreferenceSeq;Musical_Preferences.StyleID,"{""candidates_total"": 0, ""chosen_ids"": """"}",2025-10-17T14:35:16,,,,,,
local141,"How did each salesperson's annual total sales compare to their annual sales quota? Provide the difference between their total sales and the quota for each year, organized by salesperson and year.",azure/o3,,,,SalesPersonQuotaHistory;salesorderheader,SalesPersonQuotaHistory.BusinessEntityID;SalesPersonQuotaHistory.QuotaDate;SalesPersonQuotaHistory.SalesQuota;salesorderheader.orderdate;salesorderheader.salespersonid;salesorderheader.totaldue,"{""candidates_total"": 0, ""chosen_ids"": """"}",2025-10-17T14:35:59,,,,,,
local152,"Can you provide the top 9 directors by movie count, including their ID, name, number of movies, average inter-movie duration (rounded to the nearest integer), average rating (rounded to 2 decimals), total votes, minimum and maximum ratings, and total movie duration? Sort the output first by movie count in descending order and then by total movie duration in descending order.",azure/o3,,,,director_mapping;movies;names;ratings,director_mapping.movie_id;director_mapping.name_id;movies.date_published;movies.duration;movies.id;movies.year;names.id;names.name;ratings.avg_rating;ratings.movie_id;ratings.total_votes,"{""candidates_total"": 0, ""chosen_ids"": """"}",2025-10-17T14:36:29,,,,,,
local230,"Determine the top three genres with the most movies rated above 8, and then identify the top four directors who have directed the most films rated above 8 within those genres. List these directors and their respective movie counts.",azure/o3,,,,director_mapping;genre;names;ratings,director_mapping.movie_id;director_mapping.name_id;genre.genre;genre.movie_id;names.id;names.name;ratings.avg_rating;ratings.movie_id,"{""candidates_total"": 0, ""chosen_ids"": """"}",2025-10-17T14:36:49,,,,,,
local156,"Analyze the annual average purchase price per Bitcoin by region, computed as the total dollar amount spent divided by the total quantity purchased each year, excluding the first year's data for each region. Then, for each year, rank the regions based on these average purchase prices, and calculate the annual percentage change in cost for each region compared to the previous year.",azure/o3,,,,bitcoin_members;bitcoin_prices;bitcoin_transactions,bitcoin_members.member_id;bitcoin_members.region;bitcoin_prices.market_date;bitcoin_prices.price;bitcoin_prices.ticker;bitcoin_transactions.member_id;bitcoin_transactions.quantity;bitcoin_transactions.ticker;bitcoin_transactions.txn_date;bitcoin_transactions.txn_id;bitcoin_transactions.txn_type,"{""candidates_total"": 0, ""chosen_ids"": """"}",2025-10-17T14:37:43,,,,,,
local157,"Using the ""bitcoin_prices"" table, please calculate the daily percentage change in trading volume for each ticker from August 1 to August 10, 2021, ensuring that any volume ending in ""K"" or ""M"" is accurately converted to thousands or millions, any ""-"" volume is treated as zero, only non-zero volumes are used to determine the previous day's volume, and the results are ordered by ticker and date.",azure/o3,,,,bitcoin_prices,bitcoin_prices.market_date;bitcoin_prices.ticker;bitcoin_prices.volume,"{""candidates_total"": 0, ""chosen_ids"": """"}",2025-10-17T14:38:23,,,,,,
local163,"Which university faculty members' salaries are closest to the average salary for their respective ranks? Please provide the ranks, first names, last names, and salaries.university",azure/o3,,,,university_faculty,university_faculty.FacFirstName;university_faculty.FacLastName;university_faculty.FacNo;university_faculty.FacRank;university_faculty.FacSalary,"{""candidates_total"": 0, ""chosen_ids"": """"}",2025-10-17T14:39:02,,,,,,
local168,"Among job postings that specifically have the Data Analyst, require a non-null annual average salary, and are remote, what is the overall average salary when considering only the top three most frequently demanded skills for these positions?",azure/o3,,,,job_postings_fact;skills_dim;skills_job_dim,job_postings_fact.job_id;job_postings_fact.job_location;job_postings_fact.job_title;job_postings_fact.job_title_short;job_postings_fact.job_work_from_home;job_postings_fact.salary_year_avg;skills_dim.skill_id;skills_dim.skills;skills_job_dim.job_id;skills_job_dim.skill_id,"{""candidates_total"": 0, ""chosen_ids"": """"}",2025-10-17T14:39:44,,,,,,
local169,"What is the annual retention rate of legislators who began their first term between January 1, 1917 and December 31, 1999, measured as the proportion of this cohort still in office on December 31st for each of the first 20 years following their initial term start? The results should show all 20 periods in sequence regardless of whether any legislators were retained in a particular year.",azure/o3,,,,legislators_terms,legislators_terms.id_bioguide;legislators_terms.term_end;legislators_terms.term_number;legislators_terms.term_start,"{""candidates_total"": 0, ""chosen_ids"": """"}",2025-10-17T14:40:20,,,,,,
local171,"For male legislators from Louisiana, how many distinct legislators were actively serving on December 31 of each year from more than 30 years since their first term up to less than 50 years, grouping the results by the exact number of years elapsed since their first term?",azure/o3,,,,legislation_date_dim;legislators;legislators_terms,legislation_date_dim.date;legislation_date_dim.day_of_month;legislation_date_dim.month_name;legislators.full_name;legislators.gender;legislators.id_bioguide;legislators_terms.id_bioguide;legislators_terms.state;legislators_terms.term_end;legislators_terms.term_start,"{""candidates_total"": 0, ""chosen_ids"": """"}",2025-10-17T14:40:59,,,,,,
local167,"Based on the state each female legislator first represented, which state has the highest number of female legislators whose terms included December 31st at any point, and what is that count? Please provide the state's abbreviation.",azure/o3,,,,legislators;legislators_terms,legislators.gender;legislators.id_bioguide;legislators_terms.id_bioguide;legislators_terms.state;legislators_terms.term_end;legislators_terms.term_start,"{""candidates_total"": 0, ""chosen_ids"": """"}",2025-10-17T14:41:39,,,,,,
local170,"Identify the state abbreviations where, for both male and female legislators, the retention rate remains greater than zero at specific intervals of 0, 2, 4, 6, 8, and 10 years after their first term start date. A legislator is considered retained if they are serving on December 31 of the respective year. Only include states where both gender cohorts maintain non-zero retention rates at all six of these time points during the first decade of service.",azure/o3,,,,legislators;legislators_terms,legislators.gender;legislators.id_bioguide;legislators_terms.id_bioguide;legislators_terms.state;legislators_terms.term_end;legislators_terms.term_start,"{""candidates_total"": 0, ""chosen_ids"": """"}",2025-10-17T14:43:43,,,,,,
local193,"Could you find out the average percentage of the total lifetime sales (LTV) that occur in the first 7 and 30 days after a customer's initial purchase? Also, include the average total lifetime sales (LTV). Please exclude customers with zero lifetime sales. The 7- and 30-day periods should be based on the exact number of hours-minutes-seconds, not calendar days.",azure/o3,,,,payment,payment.amount;payment.customer_id;payment.payment_date,"{""candidates_total"": 0, ""chosen_ids"": """"}",2025-10-17T14:44:19,,,,,,
local194,"Please provide a list of the top three revenue-generating films for each actor, along with the average revenue per actor in those films, calculated by dividing the total film revenue equally among the actors for each film.",azure/o3,,,,actor;film;film_actor;inventory;payment;rental,actor.actor_id;actor.first_name;actor.last_name;film.film_id;film.title;film_actor.actor_id;film_actor.film_id;inventory.film_id;inventory.inventory_id;payment.amount;payment.rental_id;rental.inventory_id;rental.rental_id,"{""candidates_total"": 0, ""chosen_ids"": """"}",2025-10-17T14:45:13,,,,,,
local195,Please find out how widespread the appeal of our top five actors is. What percentage of our customers have rented films featuring these actors?,azure/o3,,,,actor;customer;film;film_actor;inventory;rental,actor.actor_id;actor.first_name;actor.last_name;customer.customer_id;film.film_id;film.title;film_actor.actor_id;film_actor.film_id;inventory.film_id;inventory.inventory_id;rental.customer_id;rental.inventory_id;rental.rental_id,"{""candidates_total"": 0, ""chosen_ids"": """"}",2025-10-17T14:45:53,,,,,,
local196,For each rating category of the first movie rented by customers—where the first movie is identified based on the earliest payment date per customer—please provide the average total amount spent per customer and the average number of subsequent rentals (calculated as the total number of rentals minus one) for customers whose first rented movie falls into that rating category.,azure/o3,,,,customer;film;inventory;payment;rental,customer.customer_id;film.film_id;film.rating;inventory.film_id;inventory.inventory_id;payment.amount;payment.customer_id;payment.payment_date;payment.rental_id;rental.customer_id;rental.inventory_id;rental.rental_id,"{""candidates_total"": 0, ""chosen_ids"": """"}",2025-10-17T14:46:45,,,,,,
local197,"Among our top 10 paying customers, can you identify the largest change in payment amounts from one month to the immediately following month? Specifically, please determine for which customer and during which month this maximum month-over-month difference occurred, and provide the difference rounded to two decimal places.",azure/o3,,,,customer;payment,customer.customer_id;customer.first_name;customer.last_name;payment.amount;payment.customer_id;payment.payment_date;payment.payment_id,"{""candidates_total"": 0, ""chosen_ids"": """"}",2025-10-17T14:47:33,,,,,,
local199,"Can you identify the year and month with the highest rental orders created by the store's staff for each store? Please list the store ID, the year, the month, and the total rentals for those dates.",azure/o3,,,,rental;staff,rental.rental_date;rental.staff_id;staff.staff_id;staff.store_id,"{""candidates_total"": 0, ""chosen_ids"": """"}",2025-10-17T14:48:12,,,,,,
local201,"Identify the first 10 words, sorted alphabetically, that are 4 to 5 characters long, start with 'r', and have at least one anagram of the same length, considering case-sensitive letters. Provide the count of such anagrams for each word.",azure/o3,,,,word_list,word_list.words,"{""candidates_total"": 0, ""chosen_ids"": """"}",2025-10-17T14:48:50,,,,,,
local202,"For alien data, how many of the top 10 states by alien population have a higher percentage of friendly aliens than hostile aliens, with an average alien age exceeding 200?",azure/o3,,,,alien_data,alien_data.age;alien_data.aggressive;alien_data.id;alien_data.state,"{""candidates_total"": 0, ""chosen_ids"": """"}",2025-10-17T14:49:24,,,,,,
local209,"In the dataset of orders joined with store information, which store has the highest total number of orders, and among that store’s orders, what is the ratio of orders that appear in the deliveries table with a 'DELIVERED' status to the total orders for that store?",azure/o3,,,,deliveries;orders;stores,deliveries.delivery_order_id;deliveries.delivery_status;orders.delivery_order_id;orders.order_id;orders.store_id;stores.store_id;stores.store_name,"{""candidates_total"": 0, ""chosen_ids"": """"}",2025-10-17T14:49:53,,,,,,
local210,Can you identify the hubs that saw more than a 20% increase in finished orders from February to March?,azure/o3,,,,hubs;orders;stores,hubs.hub_id;hubs.hub_name;orders.order_id;orders.order_moment_finished;orders.order_status;orders.store_id;stores.hub_id;stores.store_id,"{""candidates_total"": 0, ""chosen_ids"": """"}",2025-10-17T14:50:18,,,,,,
local212,Can you find 5 delivery drivers with the highest average number of daily deliveries?,azure/o3,,,,deliveries;drivers;orders,deliveries.delivery_order_id;deliveries.driver_id;drivers.driver_id;orders.delivery_order_id;orders.order_moment_created,"{""candidates_total"": 0, ""chosen_ids"": """"}",2025-10-17T14:50:36,,,,,,
local218,Can you calculate the median from the highest season goals of each team?,azure/o3,,,,Match;Team,Match.away_team_api_id;Match.away_team_goal;Match.home_team_api_id;Match.home_team_goal;Match.season;Team.team_api_id;Team.team_long_name;Team.team_short_name,"{""candidates_total"": 0, ""chosen_ids"": """"}",2025-10-17T14:51:06,,,,,,
local219,"In each league, considering all seasons, which single team has the fewest total match wins based on comparing home and away goals, including teams with zero wins, ensuring that if multiple teams tie for the fewest wins, only one team is returned for each league?",azure/o3,,,,League;Match;Team,League.id;League.name;Match.away_team_api_id;Match.away_team_goal;Match.home_team_api_id;Match.home_team_goal;Match.league_id;Team.team_api_id;Team.team_long_name,"{""candidates_total"": 0, ""chosen_ids"": """"}",2025-10-17T14:52:57,,,,,,
local221,Tell me top10 teams with the most wins across the league,azure/o3,,,,League;Match;Team,League.id;League.name;Match.away_team_api_id;Match.away_team_goal;Match.home_team_api_id;Match.home_team_goal;Match.league_id;Team.team_api_id;Team.team_long_name;Team.team_short_name,"{""candidates_total"": 0, ""chosen_ids"": """"}",2025-10-17T14:53:23,,,,,,
local220,"Which player has participated in the highest number of winning matches and which player has participated in the highest number of losing matches, considering only matches where they actually played (excluding null entries) and where their team won or lost (excluding draws)?",azure/o3,,,,Match;Player,Match.away_player_1;Match.away_player_2;Match.away_team_goal;Match.home_player_1;Match.home_player_2;Match.home_player_3;Match.home_team_goal;Match.id;Player.player_api_id;Player.player_name,"{""candidates_total"": 0, ""chosen_ids"": """"}",2025-10-17T14:54:46,,,,,,
local228,"For each IPL season, identify the top three batsmen with the highest total runs scored and the top three bowlers with the most wickets taken, excluding ‘run out’, ‘hit wicket’, and ‘retired hurt’ dismissals. In the event of ties in runs or wickets, break the tie using the smaller player ID. Then output these six players in matched positions—batsman 1 with bowler 1, batsman 2 with bowler 2, and batsman 3 with bowler 3—in ascending order of the season ID, along with each player’s total runs or wickets.",azure/o3,,,,ball_by_ball;batsman_scored;match;player;wicket_taken,ball_by_ball.ball_id;ball_by_ball.bowler;ball_by_ball.match_id;ball_by_ball.over_id;ball_by_ball.striker;batsman_scored.ball_id;batsman_scored.match_id;batsman_scored.over_id;batsman_scored.runs_scored;match.match_id;match.season_id;player.player_id;player.player_name;wicket_taken.ball_id;wicket_taken.kind_out;wicket_taken.match_id;wicket_taken.over_id,"{""candidates_total"": 0, ""chosen_ids"": """"}",2025-10-17T14:55:19,,,,,,
local229,"Find the IDs of players who scored the highest number of partnership runs for each match. The output should include the IDs of two players, each with their individual scores and the total partnership score. For each pair, the player with the higher individual score should be listed as player 1, and the player with the lower score as player 2. In cases where both players have the same score, the player with the higher ID should be player 1, and the player with the lower ID should be player 2. There can be multiple rows for a single match.",azure/o3,,,,ball_by_ball;batsman_scored;extra_runs;match,ball_by_ball.ball_id;ball_by_ball.innings_no;ball_by_ball.match_id;ball_by_ball.non_striker;ball_by_ball.over_id;ball_by_ball.striker;batsman_scored.ball_id;batsman_scored.match_id;batsman_scored.over_id;batsman_scored.runs_scored;extra_runs.ball_id;extra_runs.extra_runs;extra_runs.match_id;extra_runs.over_id;match.match_id,"{""candidates_total"": 0, ""chosen_ids"": """"}",2025-10-17T14:55:49,,,,,,
local244,"Calculate the duration of each track, classify them as short, medium, or long, output the minimum and maximum time for each kind (in minutes) and the total revenue for each category, group by the category.",azure/o3,,,,Invoice;InvoiceLine;Track,Invoice.InvoiceId;InvoiceLine.InvoiceId;InvoiceLine.Quantity;InvoiceLine.TrackId;InvoiceLine.UnitPrice;Track.Milliseconds;Track.TrackId,"{""candidates_total"": 0, ""chosen_ids"": """"}",2025-10-17T14:56:18,,,,,,
local253,"Using a Salary Dataset where the salary values need to be cleaned by removing non-numeric characters and converting them to a numeric type, write a detailed SQL query that identifies the top 5 companies by average salary in each of Mumbai, Pune, New Delhi, and Hyderabad, then compares each company’s average salary in those cities to the overall national average salary. The final result should display four columns: Location, Company Name, Average Salary in State, and Average Salary in Country, listing only the top 5 companies in each of the specified locations.",azure/o3,,,,SalaryDataset,SalaryDataset.CompanyName;SalaryDataset.Location;SalaryDataset.Salary,"{""candidates_total"": 0, ""chosen_ids"": """"}",2025-10-17T14:56:58,,,,,,
local258,"Calculate the total number of wickets taken by each bowler (excluding run-outs and other dismissals not attributed to the bowler), their economy rate (total runs conceded divided by total overs bowled, considering only runs scored off the bat and ignoring any extra runs like wides and no-balls), their strike rate (average number of balls bowled per wicket taken), and their best bowling performance in a single match (the match with the most wickets taken by the bowler, formatted as ""wickets-runs"" where runs are the runs conceded excluding extras).",azure/o3,,,,ball_by_ball;batsman_scored;extra_runs;player;wicket_taken,ball_by_ball.ball_id;ball_by_ball.bowler;ball_by_ball.innings_no;ball_by_ball.match_id;ball_by_ball.over_id;batsman_scored.ball_id;batsman_scored.innings_no;batsman_scored.match_id;batsman_scored.over_id;batsman_scored.runs_scored;extra_runs.ball_id;extra_runs.extra_type;extra_runs.innings_no;extra_runs.match_id;extra_runs.over_id;player.player_id;player.player_name;wicket_taken.ball_id;wicket_taken.innings_no;wicket_taken.kind_out;wicket_taken.match_id;wicket_taken.over_id,"{""candidates_total"": 0, ""chosen_ids"": """"}",2025-10-17T14:57:39,,,,,,
local259,"For each player, list their ID, name, their most frequent role across all matches, batting hand, bowling skill, total runs scored, total matches played, total times they were dismissed, batting average (total runs divided by total dismissals), highest score in a single match, the number of matches in which they scored at least 30 runs, at least 50 runs, and at least 100 runs, total balls faced in their career, strike rate (total runs divided by total balls faced, multiplied by 100), total wickets taken, economy rate (average runs conceded per over), and their best bowling performance in a single match (most wickets taken in a match, formatted as ""wickets taken-runs given"", where the best performance is the one with the most wickets, and if tied, the fewest runs conceded). Ignore the extra runs data.",azure/o3,,,,ball_by_ball;batsman_scored;player;player_match;wicket_taken,ball_by_ball.ball_id;ball_by_ball.bowler;ball_by_ball.innings_no;ball_by_ball.match_id;ball_by_ball.over_id;ball_by_ball.striker;batsman_scored.ball_id;batsman_scored.innings_no;batsman_scored.match_id;batsman_scored.over_id;batsman_scored.runs_scored;player.batting_hand;player.bowling_skill;player.player_id;player.player_name;player_match.match_id;player_match.player_id;player_match.role;wicket_taken.ball_id;wicket_taken.innings_no;wicket_taken.match_id;wicket_taken.over_id;wicket_taken.player_out,"{""candidates_total"": 0, ""chosen_ids"": """"}",2025-10-17T14:58:16,,,,,,
local262,"Which problems exceed the total number of times they appear in the solution table when counting all occurrences, across steps 1, 2, and 3, where any non-""Stack"" model's maximum test score is lower than the ""Stack"" model's test score for the same step and version?",azure/o3,,,,model_score;problem;solution,model_score.model;model_score.name;model_score.step;model_score.test_score;model_score.version;problem.name;solution.name;solution.version,"{""candidates_total"": 0, ""chosen_ids"": """"}",2025-10-17T14:58:51,,,,,,
local263,"Identify the L1_model associated with each model (specified by name and version) that occurs most frequently for each status ('strong' or 'soft'), along with the number of times it occurs. A model has a 'strong' status if, for any of its steps, the maximum test score among non-'Stack' models is less than the 'Stack' model's test score. It has a 'soft' status if the maximum test score among non-'Stack' models equals the 'Stack' model's test score. Count how many times each L1_model is associated with a 'strong' or 'soft' status across all models, and determine which L1_model has the highest occurrence for each status.",azure/o3,,,,model;model_score,model.L1_model;model.name;model.step;model.version;model_score.model;model_score.name;model_score.step;model_score.test_score;model_score.version,"{""candidates_total"": 0, ""chosen_ids"": """"}",2025-10-17T14:59:17,,,,,,
local264,"Which model category (L1_model) appears the most frequently across all steps and versions when comparing traditional models to the Stack model, and what is the total count of its occurrences?",azure/o3,,,,model,model.L1_model;model.step;model.version,"{""candidates_total"": 0, ""chosen_ids"": """"}",2025-10-17T14:59:41,,,,,,
local269,"What is the average total quantity across all final packaging combinations, considering only the leaf-level items within each combination after fully expanding any nested packaging relationships?",azure/o3,,,,packaging;packaging_relations,packaging.id;packaging.name;packaging_relations.contains_id;packaging_relations.packaging_id;packaging_relations.qty,"{""candidates_total"": 0, ""chosen_ids"": """"}",2025-10-17T15:01:15,,,,,,
local270,"Which top-level packaging containers, meaning those not contained within any other packaging, have any item for which the total quantity accumulated across all nested levels in the hierarchy exceeds 500, and what are the names of both these containers and the corresponding items?",azure/o3,,,,packaging;packaging_relations;products,packaging.id;packaging.name;packaging_relations.contains_id;packaging_relations.packaging_id;packaging_relations.qty;products.id;products.name,"{""candidates_total"": 0, ""chosen_ids"": """"}",2025-10-17T15:02:54,,,,,,
local272,"For order 423, identify the product IDs, aisles, and positions from which to pick the exact quantities needed for each order line, ensuring that the total picked quantity for each product matches the cumulative quantities ordered without exceeding the available inventory in warehouse 1. Calculate the quantities to be picked from each location by prioritizing inventory with earlier purchased dates and smaller quantities, and ensure that picking respects the sequence and cumulative quantities of the order lines for products with multiple entries.",azure/o3,,,,inventory;locations;orderlines;orders;purchases,inventory.id;inventory.location_id;inventory.product_id;inventory.purchase_id;inventory.qty;locations.aisle;locations.id;locations.position;locations.warehouse;orderlines.id;orderlines.order_id;orderlines.product_id;orderlines.qty;orders.id;purchases.id;purchases.product_id;purchases.purchased;purchases.qty,"{""candidates_total"": 0, ""chosen_ids"": """"}",2025-10-17T15:04:10,,,,,,
local273,"Calculate the average pick percentage for each product name, using a first-in-first-out approach that selects from inventory locations based on the earliest purchase date and smallest available quantity, ensuring that the picked quantity reflects only the overlapping range between each order’s required quantity and the inventory’s available quantity, and then grouping and ordering the results by product name?",azure/o3,,,,inventory;locations;orderlines;orders;picking_line;picking_list;products;purchases,inventory.id;inventory.location_id;inventory.product_id;inventory.purchase_id;inventory.qty;locations.aisle;locations.id;locations.position;locations.warehouse;orderlines.id;orderlines.order_id;orderlines.product_id;orderlines.qty;orders.id;orders.ordered;picking_line.location_id;picking_line.order_id;picking_line.picklist_id;picking_line.product_id;picking_line.qty;picking_list.created;picking_list.id;products.id;products.name;purchases.id;purchases.product_id;purchases.purchased;purchases.qty,"{""candidates_total"": 0, ""chosen_ids"": """"}",2025-10-17T15:05:41,,,,,,
local274,"Which products were picked for order 421, and what is the average number of units picked for each product, using FIFO (First-In, First-Out) method?",azure/o3,,,,inventory;picking_line;products;purchases,inventory.product_id;inventory.purchase_id;inventory.qty;picking_line.order_id;picking_line.product_id;picking_line.qty;products.id;products.name;purchases.id;purchases.product_id;purchases.purchased,"{""candidates_total"": 0, ""chosen_ids"": """"}",2025-10-17T15:07:05,,,,,,
local275,"Based on monthly sales data starting in January 2016 and using a centered moving average to adjust for seasonality, which products had a seasonality-adjusted sales ratio that stayed consistently above 2 for every month in the year 2017?",azure/o3,,,,monthly_sales;products,monthly_sales.mth;monthly_sales.product_id;monthly_sales.qty;products.id;products.name,"{""candidates_total"": 0, ""chosen_ids"": """"}",2025-10-17T15:08:13,,,,,,
local277,"What is the average forecasted annual sales for products 4160 and 7790 during 2018, using monthly sales data starting from January 2016 for the first 36 months, applying seasonality adjustments from time steps 7 through 30, and employing a weighted regression method to estimate sales?",azure/o3,,,,monthly_sales;products,monthly_sales.mth;monthly_sales.product_id;monthly_sales.qty;products.id;products.name,"{""candidates_total"": 0, ""chosen_ids"": """"}",2025-10-17T15:09:39,,,,,,
local279,"Using a recursive monthly inventory adjustment model starting from December 2018 inventory levels, where we restock a product if its ending inventory drops below the minimum required level, determine for each product the month in 2019 where the absolute difference between its ending inventory and the minimum required level is the smallest, and return the product_id, that month, and the absolute difference.",azure/o3,,,,inventory;monthly_sales;product_minimums;products,inventory.product_id;inventory.qty;monthly_sales.mth;monthly_sales.product_id;monthly_sales.qty;product_minimums.product_id;product_minimums.qty_minimum;product_minimums.qty_purchase;products.id,"{""candidates_total"": 0, ""chosen_ids"": """"}",2025-10-17T15:10:58,,,,,,
local283,"Analyze the soccer match dataset to determine the champion team for each season across all countries and leagues, awarding 3 points for every win, 1 point for every tie, and 0 points for every loss. For each season, return the champion’s team name, the league, the country, and the total points accumulated.",azure/o3,,,,Country;League;Match;Team,Country.id;Country.name;League.country_id;League.id;League.name;Match.away_team_api_id;Match.away_team_goal;Match.home_team_api_id;Match.home_team_goal;Match.league_id;Match.season;Team.team_api_id;Team.team_long_name,"{""candidates_total"": 0, ""chosen_ids"": """"}",2025-10-17T15:11:21,,,,,,
local284,"For veg whsle data, can you generate a summary of our items' loss rates? Include the average loss rate, and also break down the count of items that are below, above, and within one standard deviation from this average.",azure/o3,,,,veg_loss_rate_df,veg_loss_rate_df.item_code;veg_loss_rate_df.item_name;veg_loss_rate_df.loss_rate_%,"{""candidates_total"": 0, ""chosen_ids"": """"}",2025-10-17T15:12:52,,,,,,
local285,"For veg whsle data, can you analyze our financial performance over the years 2020 to 2023? I need insights into the average wholesale price, maximum wholesale price, minimum wholesale price, wholesale price difference, total wholesale price, total selling price, average loss rate, total loss, and profit for each category within each year. Round all calculated values to two decimal places.",azure/o3,,,,veg_cat;veg_loss_rate_df;veg_txn_df;veg_whsle_df,veg_cat.category_name;veg_cat.item_code;veg_loss_rate_df.item_code;veg_loss_rate_df.loss_rate_%;veg_txn_df.discount(%);veg_txn_df.item_code;veg_txn_df.qty_sold(kg);veg_txn_df.sale/return;veg_txn_df.txn_date;veg_txn_df.unit_selling_px_rmb/kg;veg_whsle_df.item_code;veg_whsle_df.whsle_date;veg_whsle_df.whsle_px_rmb-kg,"{""candidates_total"": 0, ""chosen_ids"": """"}",2025-10-17T15:13:44,,,,,,
local286,"Prepare a comprehensive performance report on our sellers, focusing on total sales, average item price, average review scores, and packing times. Ensure that the report includes only those sellers who have sold a quantity of more than 100 products and highlight the product category names in English with the highest sales volume.",azure/o3,,,,order_items;order_payments;order_reviews;orders;product_category_name_translation;products;sellers,order_items.order_id;order_items.price;order_items.product_id;order_items.seller_id;order_payments.order_id;order_payments.payment_value;order_reviews.order_id;order_reviews.review_score;orders.order_approved_at;orders.order_delivered_carrier_date;orders.order_id;orders.order_purchase_timestamp;orders.order_status;product_category_name_translation.product_category_name;product_category_name_translation.product_category_name_english;products.product_category_name;products.product_id;sellers.seller_city;sellers.seller_id;sellers.seller_state,"{""candidates_total"": 0, ""chosen_ids"": """"}",2025-10-17T15:14:26,,,,,,
local301,"For weekly-sales data, I need an analysis of our sales performance around mid-June for the years 2018, 2019, and 2020. Specifically, calculate the percentage change in sales between the four weeks leading up to June 15 and the four weeks following June 15 for each year.",azure/o3,,,,cleaned_weekly_sales,cleaned_weekly_sales.calendar_year;cleaned_weekly_sales.month_number;cleaned_weekly_sales.sales;cleaned_weekly_sales.week_date,"{""candidates_total"": 0, ""chosen_ids"": """"}",2025-10-17T15:15:06,,,,,,
local302,"Analyze the average percentage change in sales between the 12 weeks before and after June 15, 2020, for each attribute type: region, platform, age band, demographic, and customer type. For each attribute type, calculate the average percentage change in sales across all its attribute values. Identify the attribute type with the highest negative impact on sales and provide its average percentage change in sales.",azure/o3,,,,cleaned_weekly_sales,cleaned_weekly_sales.age_band;cleaned_weekly_sales.customer_type;cleaned_weekly_sales.demographic;cleaned_weekly_sales.platform;cleaned_weekly_sales.region;cleaned_weekly_sales.sales;cleaned_weekly_sales.week_date,"{""candidates_total"": 0, ""chosen_ids"": """"}",2025-10-17T15:15:56,,,,,,
local329,"How many unique sessions visited the /regist/input page and then the /regist/confirm page, in that order?",azure/o3,,,,action_log_with_noise;activity_log;form_log;read_log,action_log_with_noise.session;action_log_with_noise.stamp;action_log_with_noise.url;activity_log.path;activity_log.session;activity_log.stamp;form_log.path;form_log.session;form_log.stamp;read_log.session;read_log.stamp;read_log.url,"{""candidates_total"": 0, ""chosen_ids"": """"}",2025-10-17T15:16:44,,,,,,
local330,"Using the activity log table, compute the total number of unique user sessions where each web page appears as either a landing page (the first page visited in a session based on timestamp) or an exit page (the last page visited in a session based on timestamp), or both. Count each session only once per page even if the page serves as both landing and exit for that session. ",azure/o3,,,,activity_log,activity_log.action;activity_log.path;activity_log.session;activity_log.stamp,"{""candidates_total"": 0, ""chosen_ids"": """"}",2025-10-17T15:17:24,,,,,,
local331,"Which three distinct third-page visits are most frequently observed immediately after two consecutive visits to the '/detail' page, and how many times does each third-page visit occur?",azure/o3,,,,access_log;action_log;activity_log;read_log,access_log.action;access_log.session;access_log.stamp;action_log.action;action_log.session;action_log.stamp;activity_log.path;activity_log.session;activity_log.stamp;read_log.session;read_log.stamp;read_log.url,"{""candidates_total"": 0, ""chosen_ids"": """"}",2025-10-17T15:18:16,,,,,,
local358,"How many users are there in each age category (20s, 30s, 40s, 50s, and others)?",azure/o3,,,,mst_users,mst_users.birth_date;mst_users.user_id,"{""candidates_total"": 0, ""chosen_ids"": """"}",2025-10-17T15:18:57,,,,,,
local360,"For each user session in the activity log table, identify the number of events that occurred before the first '/detail' click or '/complete' conversion, counting only events that have a non-empty search type. Find the sessions with the minimum count of such pre-click/pre-conversion events. If multiple sessions share this minimum count, include all of them in the results. Return each qualifying session along with the corresponding path and search type.",azure/o3,,,,activity_log,activity_log.action;activity_log.path;activity_log.search_type;activity_log.session;activity_log.stamp,"{""candidates_total"": 0, ""chosen_ids"": """"}",2025-10-17T15:19:44,,,,,,
local344,"Considering all races where pit stop data is available, and focusing on instances when a driver was not behind another car on the previous lap but is behind on the current lap (accounting for retirements, pit-stop entries, pit-stop exits, and race starts), how many times has each type of overtake occurred in Formula 1?",azure/o3,,,,drivers;lap_positions;pit_stops;races;races_ext;results;retirements;status,drivers.code;drivers.driver_id;drivers.forename;drivers.surname;lap_positions.driver_id;lap_positions.lap;lap_positions.lap_type;lap_positions.position;lap_positions.race_id;pit_stops.driver_id;pit_stops.lap;pit_stops.race_id;pit_stops.stop;races.race_id;races.round;races.year;races_ext.is_pit_data_available;races_ext.race_id;results.driver_id;results.grid;results.race_id;results.status_id;retirements.driver_id;retirements.lap;retirements.race_id;retirements.retirement_type;status.status;status.status_id,"{""candidates_total"": 0, ""chosen_ids"": """"}",2025-10-17T15:21:01,,,,,,
local336,"In the first five laps of the race, how many overtakes occurred in each category—retirements, pit stops, start-related overtakes, and standard on-track passes?",azure/o3,,,,lap_positions;pit_stops;races;results;retirements;status,lap_positions.driver_id;lap_positions.lap;lap_positions.position;lap_positions.race_id;pit_stops.driver_id;pit_stops.lap;pit_stops.race_id;pit_stops.stop;races.date;races.name;races.race_id;races.round;races.year;results.driver_id;results.grid;results.race_id;results.status_id;retirements.driver_id;retirements.lap;retirements.race_id;status.status;status.status_id,"{""candidates_total"": 0, ""chosen_ids"": """"}",2025-10-17T15:22:15,,,,,,
local335,"In Formula 1 seasons since 2001, considering only drivers who scored points in a season, which five constructors have had the most seasons where their drivers scored the fewest total points among all point-scoring drivers in that season?",azure/o3,,,,constructors;driver_standings;drives;races,constructors.constructor_id;constructors.name;driver_standings.driver_id;driver_standings.points;driver_standings.position;driver_standings.race_id;drives.constructor_id;drives.driver_id;drives.first_round;drives.last_round;drives.year;races.race_id;races.round;races.year,"{""candidates_total"": 0, ""chosen_ids"": """"}",2025-10-17T15:23:29,,,,,,
local309,"For each year, which driver and which constructor scored the most points? I want the full name of each driver.",azure/o3,,,,constructor_standings;constructors;driver_standings;drivers_ext;races,constructor_standings.constructor_id;constructor_standings.points;constructor_standings.position;constructor_standings.race_id;constructors.constructor_id;constructors.name;driver_standings.driver_id;driver_standings.points;driver_standings.position;driver_standings.race_id;drivers_ext.driver_id;drivers_ext.full_name;races.race_id;races.round;races.year,"{""candidates_total"": 0, ""chosen_ids"": """"}",2025-10-17T15:24:29,,,,,,
local310,"Using only the data from the ‘results’ table, find the three years in which the sum of the highest total points earned by any driver and the highest total points earned by any constructor in that year (both calculated by summing up points from the ‘results’ table) is smallest, and list those three years in order of ascending total.",azure/o3,,,,races;results,races.race_id;races.year;results.constructor_id;results.driver_id;results.points;results.race_id,"{""candidates_total"": 0, ""chosen_ids"": """"}",2025-10-17T15:25:35,,,,,,
local311,"Which constructors had the top 3 combined points from their best driver and team, and in which years did they achieve them?",azure/o3,,,,constructor_standings;constructors;driver_standings;drives;races,constructor_standings.constructor_id;constructor_standings.points;constructor_standings.race_id;constructors.constructor_id;constructors.name;driver_standings.driver_id;driver_standings.points;driver_standings.race_id;drives.constructor_id;drives.driver_id;drives.year;races.race_id;races.round;races.year,"{""candidates_total"": 0, ""chosen_ids"": """"}",2025-10-17T15:26:52,,,,,,
local354,"Among Formula 1 drivers who raced during the 1950s, which drivers completed a season in that decade with the same constructor in both the first and the last race they participated in, while also taking part in at least two distinct race rounds during that season?",azure/o3,,,,constructors;drivers;drives,constructors.constructor_id;constructors.name;drivers.driver_id;drivers.forename;drivers.surname;drives.constructor_id;drives.driver_id;drives.first_round;drives.is_final_drive_of_season;drives.is_first_drive_of_season;drives.last_round;drives.year,"{""candidates_total"": 0, ""chosen_ids"": """"}",2025-10-17T15:28:20,,,,,,
local355,"Calculate the overall average first round and average last round of races missed by Formula 1 drivers across all years. Include only drivers who missed fewer than three races in a given year and who switched teams between their appearances immediately before and after their hiatus (i.e., the constructor ID for the race right before their first missed race must be different from the constructor ID for the race right after their last missed race in that year). Do not group results by year; return just the overall averages across the entire dataset.",azure/o3,,,,drives,drives.constructor_id;drives.drive_id;drives.driver_id;drives.first_round;drives.last_round;drives.year,"{""candidates_total"": 0, ""chosen_ids"": """"}",2025-10-17T15:29:50,,,,,,
local356,"Provide the full names of drivers who have been overtaken on track more times than they have overtaken others on track during race laps, excluding position changes due to pit stops (both at pit entry and exit), retirements, or position changes that occurred during the first lap of a race (considered as start movements).",azure/o3,,,,drivers_ext;lap_positions;pit_stops;retirements,drivers_ext.driver_id;drivers_ext.full_name;lap_positions.driver_id;lap_positions.lap;lap_positions.position;lap_positions.race_id;pit_stops.driver_id;pit_stops.lap;pit_stops.race_id;retirements.driver_id;retirements.lap;retirements.race_id,"{""candidates_total"": 0, ""chosen_ids"": """"}",2025-10-17T15:31:03,,,,,,
