instance_id,database_name
bq001,bigquery-public-data.google_analytics_sample.bigquery-public-data.google_analytics_sample
bq002,bigquery-public-data.google_analytics_sample.bigquery-public-data.google_analytics_sample
bq003,bigquery-public-data.google_analytics_sample.bigquery-public-data.google_analytics_sample
bq004,bigquery-public-data.google_analytics_sample.bigquery-public-data.google_analytics_sample
bq006,bigquery-public-data.austin_311.bigquery-public-data.austin_311
bq008,bigquery-public-data.google_analytics_sample.bigquery-public-data.google_analytics_sample
bq009,bigquery-public-data.google_analytics_sample.bigquery-public-data.google_analytics_sample
bq010,bigquery-public-data.google_analytics_sample.bigquery-public-data.google_analytics_sample
bq011,bigquery-public-data.ga4_obfuscated_sample_ecommerce.bigquery-public-data.ga4_obfuscated_sample_ecommerce
bq015,bigquery-public-data.stackoverflow.bigquery-public-data.stackoverflow
bq018,bigquery-public-data.covid19_open_data.bigquery-public-data.covid19_open_data
bq019,bigquery-public-data.cms_synthetic_patient_data_omop.bigquery-public-data.cms_synthetic_patient_data_omop
bq021,bigquery-public-data.new_york.bigquery-public-data.new_york
bq022,bigquery-public-data.chicago_crime.bigquery-public-data.chicago_crime
bq023,bigquery-public-data.hud_zipcode_crosswalk.bigquery-public-data.hud_zipcode_crosswalk
bq024,bigquery-public-data.usfs_fia.bigquery-public-data.usfs_fia
bq025,bigquery-public-data.census_bureau_international.bigquery-public-data.census_bureau_international
bq030,bigquery-public-data.covid19_open_data.bigquery-public-data.covid19_open_data
bq031,bigquery-public-data.noaa_passive_bioacoustic.bigquery-public-data.noaa_passive_bioacoustic
bq032,bigquery-public-data.noaa_passive_bioacoustic.bigquery-public-data.noaa_passive_bioacoustic
bq034,bigquery-public-data.ghcn_d.bigquery-public-data.ghcn_d
bq035,bigquery-public-data.san_francisco.bigquery-public-data.san_francisco
bq038,bigquery-public-data.new_york.bigquery-public-data.new_york
bq039,bigquery-public-data.new_york_subway.bigquery-public-data.new_york_subway
bq040,bigquery-public-data.new_york_subway.bigquery-public-data.new_york_subway
bq041,bigquery-public-data.stackoverflow.bigquery-public-data.stackoverflow
bq042,bigquery-public-data.noaa_passive_bioacoustic.bigquery-public-data.noaa_passive_bioacoustic
bq045,bigquery-public-data.noaa_passive_bioacoustic.bigquery-public-data.noaa_passive_bioacoustic
bq046,isb-cgc.GDC_metadata.isb-cgc.GDC_metadata
bq047,bigquery-public-data.new_york.bigquery-public-data.new_york
bq048,bigquery-public-data.new_york.bigquery-public-data.new_york
bq049,bigquery-public-data.iowa_liquor_sales.bigquery-public-data.iowa_liquor_sales
bq051,bigquery-public-data.new_york.bigquery-public-data.new_york
bq053,bigquery-public-data.new_york.bigquery-public-data.new_york
bq054,bigquery-public-data.new_york.bigquery-public-data.new_york
bq055,bigquery-public-data.bls_qcew.bigquery-public-data.bls_qcew
bq059,bigquery-public-data.san_francisco_sffd_service_calls.bigquery-public-data.san_francisco_sffd_service_calls
bq060,bigquery-public-data.census_bureau_international.bigquery-public-data.census_bureau_international
bq061,bigquery-public-data.geo_us_boundaries.bigquery-public-data.geo_us_boundaries
bq064,bigquery-public-data.geo_us_boundaries.bigquery-public-data.geo_us_boundaries
bq066,bigquery-public-data.sdoh_cdc_wonder_natality.bigquery-public-data.sdoh_cdc_wonder_natality
bq067,bigquery-public-data.nhtsa_traffic_fatalities.bigquery-public-data.nhtsa_traffic_fatalities
bq074,bigquery-public-data.sdoh_cdc_wonder_natality.bigquery-public-data.sdoh_cdc_wonder_natality
bq075,bigquery-public-data.bls_qcew.bigquery-public-data.bls_qcew
bq076,bigquery-public-data.chicago_crime.bigquery-public-data.chicago_crime
bq077,bigquery-public-data.chicago_crime.bigquery-public-data.chicago_crime
bq078,bigquery-public-data.open_targets_platform.bigquery-public-data.open_targets_platform
bq079,bigquery-public-data.usfs_fia.bigquery-public-data.usfs_fia
bq081,bigquery-public-data.san_francisco_sffd_service_calls.bigquery-public-data.san_francisco_sffd_service_calls
bq085,bigquery-public-data.world_bank_global_population.bigquery-public-data.world_bank_global_population
bq086,bigquery-public-data.world_bank_global_population.bigquery-public-data.world_bank_global_population
bq087,bigquery-public-data.covid19_symptom_search.bigquery-public-data.covid19_symptom_search
bq088,bigquery-public-data.covid19_symptom_search.bigquery-public-data.covid19_symptom_search
bq089,bigquery-public-data.covid19_vaccination_access.bigquery-public-data.covid19_vaccination_access
bq090,bigquery-public-data.cymbal_investments.bigquery-public-data.cymbal_investments
bq094,bigquery-public-data.hud_zipcode_crosswalk.bigquery-public-data.hud_zipcode_crosswalk
bq095,open-targets-prod.platform.open-targets-prod.platform
bq096,bigquery-public-data.gbif.bigquery-public-data.gbif
bq097,bigquery-public-data.sdoh_cdc_wonder_natality.bigquery-public-data.sdoh_cdc_wonder_natality
bq098,bigquery-public-data.new_york_subway.bigquery-public-data.new_york_subway
bq102,bigquery-public-data.gnomAD.bigquery-public-data.gnomAD
bq103,bigquery-public-data.gnomAD.bigquery-public-data.gnomAD
bq105,bigquery-public-data.census_bureau_usa.bigquery-public-data.census_bureau_usa
bq108,bigquery-public-data.nhtsa_traffic_fatalities.bigquery-public-data.nhtsa_traffic_fatalities
bq109,open-targets-genetics.genetics.open-targets-genetics.genetics
bq110,bigquery-public-data.sdoh_cdc_wonder_natality.bigquery-public-data.sdoh_cdc_wonder_natality
bq111,mitelman-db.prod.mitelman-db.prod
bq112,bigquery-public-data.bls_qcew.bigquery-public-data.bls_qcew
bq113,bigquery-public-data.bls_qcew.bigquery-public-data.bls_qcew
bq114,bigquery-public-data.openaq.bigquery-public-data.openaq
bq115,bigquery-public-data.census_bureau_international.bigquery-public-data.census_bureau_international
bq116,bigquery-public-data.sec_quarterly_financials.bigquery-public-data.sec_quarterly_financials
bq119,bigquery-public-data.noaa_passive_bioacoustic.bigquery-public-data.noaa_passive_bioacoustic
bq120,bigquery-public-data.sdoh_cdc_wonder_natality.bigquery-public-data.sdoh_cdc_wonder_natality
bq123,bigquery-public-data.stackoverflow.bigquery-public-data.stackoverflow
bq124,bigquery-public-data.fhir_synthea.bigquery-public-data.fhir_synthea
bq126,bigquery-public-data.the_met.bigquery-public-data.the_met
bq130,bigquery-public-data.covid19_nyt.bigquery-public-data.covid19_nyt
bq137,bigquery-public-data.census_bureau_usa.bigquery-public-data.census_bureau_usa
bq143,isb-cgc-bq.CPTAC.isb-cgc-bq.CPTAC
bq144,data-to-insights.ncaa.data-to-insights.ncaa
bq151,isb-cgc-bq.pancancer_atlas.isb-cgc-bq.pancancer_atlas
bq161,isb-cgc-bq.pancancer_atlas.isb-cgc-bq.pancancer_atlas
bq162,isb-cgc-bq.HTAN_versioned.isb-cgc-bq.HTAN_versioned
bq165,mitelman-db.prod.mitelman-db.prod
bq169,mitelman-db.prod.mitelman-db.prod
bq172,bigquery-public-data.cms_synthetic_patient_data_omop.bigquery-public-data.cms_synthetic_patient_data_omop
bq177,bigquery-public-data.cms_synthetic_patient_data_omop.bigquery-public-data.cms_synthetic_patient_data_omop
bq181,bigquery-public-data.noaa_passive_bioacoustic.bigquery-public-data.noaa_passive_bioacoustic
bq185,bigquery-public-data.new_york_subway.bigquery-public-data.new_york_subway
bq186,bigquery-public-data.san_francisco.bigquery-public-data.san_francisco
bq198,bigquery-public-data.ncaa_basketball.bigquery-public-data.ncaa_basketball
bq199,bigquery-public-data.iowa_liquor_sales.bigquery-public-data.iowa_liquor_sales
bq200,bigquery-public-data.baseball.bigquery-public-data.baseball
bq202,bigquery-public-data.new_york_subway.bigquery-public-data.new_york_subway
bq203,bigquery-public-data.new_york_subway.bigquery-public-data.new_york_subway
bq204,bigquery-public-data.eclipse_megamovie.bigquery-public-data.eclipse_megamovie
bq208,bigquery-public-data.new_york.bigquery-public-data.new_york
bq218,bigquery-public-data.iowa_liquor_sales.bigquery-public-data.iowa_liquor_sales
bq220,bigquery-public-data.usfs_fia.bigquery-public-data.usfs_fia
bq227,bigquery-public-data.london_crime.bigquery-public-data.london_crime
bq228,bigquery-public-data.london_crime.bigquery-public-data.london_crime
bq229,bigquery-public-data.open_images.bigquery-public-data.open_images
bq230,bigquery-public-data.usda_nass_agriculture.bigquery-public-data.usda_nass_agriculture
bq232,bigquery-public-data.london_crime.bigquery-public-data.london_crime
bq234,bigquery-public-data.cms_synthetic_patient_data_omop.bigquery-public-data.cms_synthetic_patient_data_omop
bq235,bigquery-public-data.cms_synthetic_patient_data_omop.bigquery-public-data.cms_synthetic_patient_data_omop
bq268,bigquery-public-data.google_analytics_sample.bigquery-public-data.google_analytics_sample
bq269,bigquery-public-data.google_analytics_sample.bigquery-public-data.google_analytics_sample
bq270,bigquery-public-data.google_analytics_sample.bigquery-public-data.google_analytics_sample
bq275,bigquery-public-data.google_analytics_sample.bigquery-public-data.google_analytics_sample
bq277,bigquery-public-data.geo_international_ports.bigquery-public-data.geo_international_ports
bq278,bigquery-public-data.sunroof_solar.bigquery-public-data.sunroof_solar
bq279,bigquery-public-data.austin_311.bigquery-public-data.austin_311
bq280,bigquery-public-data.stackoverflow.bigquery-public-data.stackoverflow
bq281,bigquery-public-data.austin_311.bigquery-public-data.austin_311
bq282,bigquery-public-data.austin_311.bigquery-public-data.austin_311
bq284,bigquery-public-data.bbc_news.bigquery-public-data.bbc_news
bq285,bigquery-public-data.fda_food.bigquery-public-data.fda_food
bq286,bigquery-public-data.usa_names.bigquery-public-data.usa_names
bq287,bigquery-public-data.fda_food.bigquery-public-data.fda_food
bq288,bigquery-public-data.fda_food.bigquery-public-data.fda_food
bq290,bigquery-public-data.noaa_passive_bioacoustic.bigquery-public-data.noaa_passive_bioacoustic
bq293,bigquery-public-data.geo_us_boundaries.bigquery-public-data.geo_us_boundaries
bq300,bigquery-public-data.stackoverflow.bigquery-public-data.stackoverflow
bq301,bigquery-public-data.stackoverflow.bigquery-public-data.stackoverflow
bq302,bigquery-public-data.stackoverflow.bigquery-public-data.stackoverflow
bq303,bigquery-public-data.stackoverflow.bigquery-public-data.stackoverflow
bq304,bigquery-public-data.stackoverflow.bigquery-public-data.stackoverflow
bq305,bigquery-public-data.stackoverflow.bigquery-public-data.stackoverflow
bq306,bigquery-public-data.stackoverflow.bigquery-public-data.stackoverflow
bq308,bigquery-public-data.stackoverflow.bigquery-public-data.stackoverflow
bq309,bigquery-public-data.stackoverflow.bigquery-public-data.stackoverflow
bq310,bigquery-public-data.stackoverflow.bigquery-public-data.stackoverflow
bq326,bigquery-public-data.world_bank_global_population.bigquery-public-data.world_bank_global_population
bq327,bigquery-public-data.world_bank_global_population.bigquery-public-data.world_bank_global_population
bq328,bigquery-public-data.world_bank_global_population.bigquery-public-data.world_bank_global_population
bq330,bigquery-public-data.fda_food.bigquery-public-data.fda_food
bq338,bigquery-public-data.geo_us_boundaries.bigquery-public-data.geo_us_boundaries
bq339,bigquery-public-data.san_francisco_sffd_service_calls.bigquery-public-data.san_francisco_sffd_service_calls
bq350,open-targets-prod.platform.open-targets-prod.platform
bq352,bigquery-public-data.sdoh_cdc_wonder_natality.bigquery-public-data.sdoh_cdc_wonder_natality
bq354,bigquery-public-data.cms_synthetic_patient_data_omop.bigquery-public-data.cms_synthetic_patient_data_omop
bq355,bigquery-public-data.cms_synthetic_patient_data_omop.bigquery-public-data.cms_synthetic_patient_data_omop
bq356,bigquery-public-data.noaa_passive_bioacoustic.bigquery-public-data.noaa_passive_bioacoustic
bq357,bigquery-public-data.noaa_passive_bioacoustic.bigquery-public-data.noaa_passive_bioacoustic
bq360,bigquery-public-data.nppes.bigquery-public-data.nppes
bq362,bigquery-public-data.chicago_crime.bigquery-public-data.chicago_crime
bq363,bigquery-public-data.chicago_crime.bigquery-public-data.chicago_crime
bq366,bigquery-public-data.the_met.bigquery-public-data.the_met
bq374,bigquery-public-data.google_analytics_sample.bigquery-public-data.google_analytics_sample
bq376,bigquery-public-data.san_francisco_sffd_service_calls.bigquery-public-data.san_francisco_sffd_service_calls
bq379,open-targets-prod.platform.open-targets-prod.platform
bq383,bigquery-public-data.ghcn_d.bigquery-public-data.ghcn_d
bq389,bigquery-public-data.epa_historical_air_quality.bigquery-public-data.epa_historical_air_quality
bq391,bigquery-public-data.fhir_synthea.bigquery-public-data.fhir_synthea
bq392,bigquery-public-data.noaa_gsod.bigquery-public-data.noaa_gsod
bq393,bigquery-public-data.hacker_news.bigquery-public-data.hacker_news
bq394,bigquery-public-data.noaa_passive_bioacoustic.bigquery-public-data.noaa_passive_bioacoustic
bq395,bigquery-public-data.sdoh_cdc_wonder_natality.bigquery-public-data.sdoh_cdc_wonder_natality
bq396,bigquery-public-data.nhtsa_traffic_fatalities.bigquery-public-data.nhtsa_traffic_fatalities
bq397,data-to-insights.ecommerce.data-to-insights.ecommerce
bq398,bigquery-public-data.world_bank_global_population.bigquery-public-data.world_bank_global_population
bq399,bigquery-public-data.world_bank_global_population.bigquery-public-data.world_bank_global_population
bq400,bigquery-public-data.san_francisco_sffd_service_calls.bigquery-public-data.san_francisco_sffd_service_calls
bq402,data-to-insights.ecommerce.data-to-insights.ecommerce
bq403,bigquery-public-data.irs_990.bigquery-public-data.irs_990
bq406,bigquery-public-data.bls_qcew.bigquery-public-data.bls_qcew
bq407,bigquery-public-data.covid19_vaccination_access.bigquery-public-data.covid19_vaccination_access
bq413,bigquery-public-data.dimensions_ai_covid19.bigquery-public-data.dimensions_ai_covid19
bq414,bigquery-public-data.the_met.bigquery-public-data.the_met
bq418,isb-cgc-bq.reactome_versioned.isb-cgc-bq.reactome_versioned
bq419,bigquery-public-data.noaa_passive_bioacoustic.bigquery-public-data.noaa_passive_bioacoustic
bq424,bigquery-public-data.world_bank_global_population.bigquery-public-data.world_bank_global_population
bq425,bigquery-public-data.ebi_chembl.bigquery-public-data.ebi_chembl
bq427,bigquery-public-data.ncaa_basketball.bigquery-public-data.ncaa_basketball
bq428,bigquery-public-data.ncaa_basketball.bigquery-public-data.ncaa_basketball
bq430,bigquery-public-data.ebi_chembl.bigquery-public-data.ebi_chembl
bq432,bigquery-public-data.fda_food.bigquery-public-data.fda_food
bq441,bigquery-public-data.nhtsa_traffic_fatalities.bigquery-public-data.nhtsa_traffic_fatalities
bq442,bigquery-public-data.cymbal_investments.bigquery-public-data.cymbal_investments
bq445,bigquery-public-data.gnomAD.bigquery-public-data.gnomAD
bq451,spider2-public-data.1000_genomes.spider2-public-data.1000_genomes
bq452,spider2-public-data.1000_genomes.spider2-public-data.1000_genomes
bq453,spider2-public-data.1000_genomes.spider2-public-data.1000_genomes
bq454,spider2-public-data.1000_genomes.spider2-public-data.1000_genomes
bq457,bigquery-public-data.libraries_io.bigquery-public-data.libraries_io
bq461,bigquery-public-data.ncaa_basketball.bigquery-public-data.ncaa_basketball
bq462,bigquery-public-data.ncaa_basketball.bigquery-public-data.ncaa_basketball
sf001,STANDARD_TILE.STANDARD_TILE
sf002,CYBERSYN.CYBERSYN
sf003,CYBERSYN.CYBERSYN
sf006,CYBERSYN.CYBERSYN
sf008,CYBERSYN.CYBERSYN
sf009,NETHERLANDS.NETHERLANDS
sf010,CYBERSYN.CYBERSYN
sf011,PUBLIC.PUBLIC
sf012,CYBERSYN.CYBERSYN
sf013,NETHERLANDS.NETHERLANDS
sf014,PUBLIC.PUBLIC
sf018,PUBLIC.PUBLIC
sf029,PUBLIC.PUBLIC
sf035,PUBLIC.PUBLIC
sf037,CYBERSYN.CYBERSYN
sf040,CYBERSYN.CYBERSYN
sf041,YES_ENERGY_SAMPLE.YES_ENERGY_SAMPLE
sf044,CYBERSYN.CYBERSYN
sf_bq005,CRYPTO_BITCOIN.CRYPTO_BITCOIN
sf_bq007,GEO_US_BOUNDARIES.GEO_US_BOUNDARIES
sf_bq012,ETHEREUM_BLOCKCHAIN.ETHEREUM_BLOCKCHAIN
sf_bq014,THELOOK_ECOMMERCE.THELOOK_ECOMMERCE
sf_bq016,DEPS_DEV_V1.DEPS_DEV_V1
sf_bq017,GEO_OPENSTREETMAP.GEO_OPENSTREETMAP
sf_bq020,GENOMICS_CANNABIS.GENOMICS_CANNABIS
sf_bq026,PATENTS.PATENTS
sf_bq027,PATENTS.PATENTS
sf_bq028,DEPS_DEV_V1.DEPS_DEV_V1
sf_bq029,PATENTS.PATENTS
sf_bq033,PATENTS.PATENTS
sf_bq036,GITHUB_REPOS.GITHUB_REPOS
sf_bq037,HUMAN_GENOME_VARIANTS.HUMAN_GENOME_VARIANTS
sf_bq043,TCGA_VERSIONED.TCGA_VERSIONED
sf_bq044,TCGA_VERSIONED.TCGA_VERSIONED
sf_bq050,GEO_US_BOUNDARIES.GEO_US_BOUNDARIES
sf_bq052,PATENTSVIEW.PATENTSVIEW
sf_bq056,GEO_OPENSTREETMAP.GEO_OPENSTREETMAP
sf_bq057,CRYPTO_BITCOIN.CRYPTO_BITCOIN
sf_bq058,GOOG_BLOCKCHAIN_ARBITRUM_ONE_US.GOOG_BLOCKCHAIN_ARBITRUM_ONE_US
sf_bq062,DEPS_DEV_V1.DEPS_DEV_V1
sf_bq063,DEPS_DEV_V1.DEPS_DEV_V1
sf_bq065,CRYPTO_BITCOIN.CRYPTO_BITCOIN
sf_bq068,CRYPTO_BITCOIN.CRYPTO_BITCOIN
sf_bq069,IDC_V17.IDC_V17
sf_bq070,IDC_V17.IDC_V17
sf_bq071,NOAA_PRELIMINARY_SEVERE_STORMS.NOAA_PRELIMINARY_SEVERE_STORMS
sf_bq072,DEATH.DEATH
sf_bq073,GEO_US_BOUNDARIES.GEO_US_BOUNDARIES
sf_bq080,CRYPTO_BITCOIN.CRYPTO_BITCOIN
sf_bq083,CRYPTO_BITCOIN.CRYPTO_BITCOIN
sf_bq084,GOOG_BLOCKCHAIN_ARBITRUM_ONE_US.GOOG_BLOCKCHAIN_ARBITRUM_ONE_US
sf_bq091,PATENTS.PATENTS
sf_bq092,CRYPTO_BITCOIN.CRYPTO_BITCOIN
sf_bq093,CRYPTO_BITCOIN.CRYPTO_BITCOIN
sf_bq099,PATENTS.PATENTS
sf_bq100,GITHUB_REPOS.GITHUB_REPOS
sf_bq101,GITHUB_REPOS.GITHUB_REPOS
sf_bq104,GOOGLE_TRENDS.GOOGLE_TRENDS
sf_bq107,GENOMICS_CANNABIS.GENOMICS_CANNABIS
sf_bq117,NOAA_PRELIMINARY_SEVERE_STORMS.NOAA_PRELIMINARY_SEVERE_STORMS
sf_bq118,DEATH.DEATH
sf_bq121,STACKOVERFLOW.STACKOVERFLOW
sf_bq127,PATENTS_GOOGLE.PATENTS_GOOGLE
sf_bq128,PATENTSVIEW.PATENTSVIEW
sf_bq131,GEO_OPENSTREETMAP.GEO_OPENSTREETMAP
sf_bq135,CRYPTO_BITCOIN.CRYPTO_BITCOIN
sf_bq136,CRYPTO_BITCOIN.CRYPTO_BITCOIN
sf_bq141,TCGA_HG38_DATA_V0.TCGA_HG38_DATA_V0
sf_bq147,TCGA_VERSIONED.TCGA_VERSIONED
sf_bq148,TCGA_VERSIONED.TCGA_VERSIONED
sf_bq150,TCGA_HG19_DATA_V0.TCGA_HG19_DATA_V0
sf_bq152,TCGA_HG38_DATA_V0.TCGA_HG38_DATA_V0
sf_bq153,PANCANCER_ATLAS_FILTERED.PANCANCER_ATLAS_FILTERED
sf_bq154,PANCANCER_ATLAS_FILTERED.PANCANCER_ATLAS_FILTERED
sf_bq155,TCGA_HG38_DATA_V0.TCGA_HG38_DATA_V0
sf_bq156,PANCANCER_ATLAS_FILTERED.PANCANCER_ATLAS_FILTERED
sf_bq157,PANCANCER_ATLAS_FILTERED.PANCANCER_ATLAS_FILTERED
sf_bq158,PANCANCER_ATLAS_FILTERED.PANCANCER_ATLAS_FILTERED
sf_bq159,PANCANCER_ATLAS_FILTERED.PANCANCER_ATLAS_FILTERED
sf_bq160,META_KAGGLE.META_KAGGLE
sf_bq163,HTAN.HTAN
sf_bq164,HTAN.HTAN
sf_bq166,PROD.PROD
sf_bq167,META_KAGGLE.META_KAGGLE
sf_bq170,PROD.PROD
sf_bq171,META_KAGGLE.META_KAGGLE
sf_bq175,PROD.PROD
sf_bq176,PROD.PROD
sf_bq180,GITHUB_REPOS.GITHUB_REPOS
sf_bq182,MONTH.MONTH
sf_bq184,CRYPTO_BITCOIN.CRYPTO_BITCOIN
sf_bq187,ETHEREUM_BLOCKCHAIN.ETHEREUM_BLOCKCHAIN
sf_bq188,THELOOK_ECOMMERCE.THELOOK_ECOMMERCE
sf_bq189,THELOOK_ECOMMERCE.THELOOK_ECOMMERCE
sf_bq190,THELOOK_ECOMMERCE.THELOOK_ECOMMERCE
sf_bq191,MONTH.MONTH
sf_bq192,MONTH.MONTH
sf_bq193,GITHUB_REPOS.GITHUB_REPOS
sf_bq194,GITHUB_REPOS.GITHUB_REPOS
sf_bq195,CRYPTO_BITCOIN.CRYPTO_BITCOIN
sf_bq197,THELOOK_ECOMMERCE.THELOOK_ECOMMERCE
sf_bq207,USPTO_OCE_CANCER.USPTO_OCE_CANCER
sf_bq209,PATENTS.PATENTS
sf_bq210,PATENTS.PATENTS
sf_bq211,PATENTS.PATENTS
sf_bq212,PATENTS.PATENTS
sf_bq213,PATENTS.PATENTS
sf_bq214,PATENTS_GOOGLE.PATENTS_GOOGLE
sf_bq215,PATENTS.PATENTS
sf_bq216,PATENTS_GOOGLE.PATENTS_GOOGLE
sf_bq217,MONTH.MONTH
sf_bq219,IOWA_LIQUOR_SALES.IOWA_LIQUOR_SALES
sf_bq221,PATENTS.PATENTS
sf_bq222,PATENTS.PATENTS
sf_bq223,PATENTS.PATENTS
sf_bq224,MONTH.MONTH
sf_bq225,GITHUB_REPOS.GITHUB_REPOS
sf_bq226,GOOG_BLOCKCHAIN_ARBITRUM_ONE_US.GOOG_BLOCKCHAIN_ARBITRUM_ONE_US
sf_bq233,GITHUB_REPOS.GITHUB_REPOS
sf_bq236,NOAA_PRELIMINARY_SEVERE_STORMS.NOAA_PRELIMINARY_SEVERE_STORMS
sf_bq246,PATENTSVIEW.PATENTSVIEW
sf_bq247,PATENTS_GOOGLE.PATENTS_GOOGLE
sf_bq248,GITHUB_REPOS.GITHUB_REPOS
sf_bq249,GITHUB_REPOS.GITHUB_REPOS
sf_bq250,GEO_OPENSTREETMAP.GEO_OPENSTREETMAP
sf_bq251,PYPI.PYPI
sf_bq252,GITHUB_REPOS.GITHUB_REPOS
sf_bq253,GEO_OPENSTREETMAP.GEO_OPENSTREETMAP
sf_bq254,GEO_OPENSTREETMAP.GEO_OPENSTREETMAP
sf_bq255,GITHUB_REPOS.GITHUB_REPOS
sf_bq256,CRYPTO_BITCOIN.CRYPTO_BITCOIN
sf_bq258,THELOOK_ECOMMERCE.THELOOK_ECOMMERCE
sf_bq259,THELOOK_ECOMMERCE.THELOOK_ECOMMERCE
sf_bq260,THELOOK_ECOMMERCE.THELOOK_ECOMMERCE
sf_bq261,THELOOK_ECOMMERCE.THELOOK_ECOMMERCE
sf_bq262,THELOOK_ECOMMERCE.THELOOK_ECOMMERCE
sf_bq263,THELOOK_ECOMMERCE.THELOOK_ECOMMERCE
sf_bq264,THELOOK_ECOMMERCE.THELOOK_ECOMMERCE
sf_bq265,THELOOK_ECOMMERCE.THELOOK_ECOMMERCE
sf_bq266,THELOOK_ECOMMERCE.THELOOK_ECOMMERCE
sf_bq271,THELOOK_ECOMMERCE.THELOOK_ECOMMERCE
sf_bq272,THELOOK_ECOMMERCE.THELOOK_ECOMMERCE
sf_bq273,THELOOK_ECOMMERCE.THELOOK_ECOMMERCE
sf_bq276,GEO_US_BOUNDARIES.GEO_US_BOUNDARIES
sf_bq283,AUSTIN_INCIDENTS.AUSTIN_INCIDENTS
sf_bq289,GEO_OPENSTREETMAP.GEO_OPENSTREETMAP
sf_bq291,NOAA_GLOBAL_FORECAST_SYSTEM
sf_bq292,CRYPTO_BITCOIN.CRYPTO_BITCOIN
sf_bq294,SAN_FRANCISCO_BIKESHARE.SAN_FRANCISCO_BIKESHARE
sf_bq295,MONTH.MONTH
sf_bq307,STACKOVERFLOW.STACKOVERFLOW
sf_bq320,IDC_V17.IDC_V17
sf_bq321,IDC_V17.IDC_V17
sf_bq323,IDC_V17.IDC_V17
sf_bq324,IDC_V17.IDC_V17
sf_bq325,OPEN_TARGETS_GENETICS.OPEN_TARGETS_GENETICS
sf_bq331,META_KAGGLE.META_KAGGLE
sf_bq333,THELOOK_ECOMMERCE.THELOOK_ECOMMERCE
sf_bq334,CRYPTO_BITCOIN.CRYPTO_BITCOIN
sf_bq335,CRYPTO_BITCOIN.CRYPTO_BITCOIN
sf_bq340,CRYPTO_BITCOIN.CRYPTO_BITCOIN
sf_bq341,CRYPTO_BITCOIN.CRYPTO_BITCOIN
sf_bq342,CRYPTO_BITCOIN.CRYPTO_BITCOIN
sf_bq345,IDC_V17.IDC_V17
sf_bq346,IDC_V17.IDC_V17
sf_bq347,IDC_V17.IDC_V17
sf_bq348,GEO_OPENSTREETMAP.GEO_OPENSTREETMAP
sf_bq349,GEO_OPENSTREETMAP.GEO_OPENSTREETMAP
sf_bq358,GEO_US_BOUNDARIES.GEO_US_BOUNDARIES
sf_bq359,GITHUB_REPOS.GITHUB_REPOS
sf_bq361,THELOOK_ECOMMERCE.THELOOK_ECOMMERCE
sf_bq370,WIDE_WORLD_IMPORTERS.WIDE_WORLD_IMPORTERS
sf_bq371,WIDE_WORLD_IMPORTERS.WIDE_WORLD_IMPORTERS
sf_bq372,WIDE_WORLD_IMPORTERS.WIDE_WORLD_IMPORTERS
sf_bq373,WIDE_WORLD_IMPORTERS.WIDE_WORLD_IMPORTERS
sf_bq375,GITHUB_REPOS.GITHUB_REPOS
sf_bq377,GITHUB_REPOS.GITHUB_REPOS
sf_bq380,META_KAGGLE.META_KAGGLE
sf_bq390,IDC_V17.IDC_V17
sf_bq410,GEO_US_BOUNDARIES.GEO_US_BOUNDARIES
sf_bq411,GOOGLE_TRENDS.GOOGLE_TRENDS
sf_bq412,GOOGLE_ADS_TRANSPARENCY_CENTER.GOOGLE_ADS_TRANSPARENCY_CENTER
sf_bq415,HUMAN_GENOME_VARIANTS.HUMAN_GENOME_VARIANTS
sf_bq416,GOOG_BLOCKCHAIN_ARBITRUM_ONE_US.GOOG_BLOCKCHAIN_ARBITRUM_ONE_US
sf_bq417,IDC_V17.IDC_V17
sf_bq420,USPTO_OCE_CANCER.USPTO_OCE_CANCER
sf_bq421,IDC_V17.IDC_V17
sf_bq422,IDC_V17.IDC_V17
sf_bq423,GOOGLE_ADS_TRANSPARENCY_CENTER.GOOGLE_ADS_TRANSPARENCY_CENTER
sf_bq426,GEO_US_BOUNDARIES.GEO_US_BOUNDARIES
sf_bq429,GEO_US_BOUNDARIES.GEO_US_BOUNDARIES
sf_bq444,CRYPTO_BITCOIN.CRYPTO_BITCOIN
sf_bq450,ETHEREUM_BLOCKCHAIN.ETHEREUM_BLOCKCHAIN
sf_bq455,IDC_V17.IDC_V17
sf_bq456,IDC_V17.IDC_V17
sf_bq458,WORD_VECTORS_US.WORD_VECTORS_US
sf_bq459,WORD_VECTORS_US.WORD_VECTORS_US
sf_bq460,WORD_VECTORS_US.WORD_VECTORS_US
ga018,bigquery-public-data.ga4_obfuscated_sample_ecommerce
ga020,firebase-public-project
ga011,bigquery-public-data.ga4_obfuscated_sample_ecommerce
ga010,bigquery-public-data.ga4_obfuscated_sample_ecommerce
ga028,firebase-public-project
ga017,bigquery-public-data.ga4_obfuscated_sample_ecommerce
ga021,firebase-public-project
ga019,firebase-public-project
ga004,bigquery-public-data.ga4_obfuscated_sample_ecommerce
ga003,firebase-public-project
ga032,bigquery-public-data.ga4_obfuscated_sample_ecommerce
ga002,bigquery-public-data.ga4_obfuscated_sample_ecommerce
ga005,firebase-public-project
ga012,bigquery-public-data.ga4_obfuscated_sample_ecommerce
ga014,bigquery-public-data.ga4_obfuscated_sample_ecommerce
ga013,bigquery-public-data.ga4_obfuscated_sample_ecommerce
ga025,firebase-public-project
ga022,firebase-public-project
ga007,bigquery-public-data.ga4_obfuscated_sample_ecommerce
ga031,bigquery-public-data.ga4_obfuscated_sample_ecommerce
ga009,bigquery-public-data.ga4_obfuscated_sample_ecommerce
ga008,bigquery-public-data.ga4_obfuscated_sample_ecommerce
ga030,firebase-public-project
ga006,bigquery-public-data.ga4_obfuscated_sample_ecommerce
ga001,bigquery-public-data.ga4_obfuscated_sample_ecommerce
local002,E_commerce
local003,E_commerce
local004,E_commerce
local007,Baseball
local008,Baseball
local009,Airlines
local010,Airlines
local015,California_Traffic_Collision
local017,California_Traffic_Collision
local018,California_Traffic_Collision
local019,WWE
local020,IPL
local021,IPL
local022,IPL
local023,IPL
local024,IPL
local025,IPL
local026,IPL
local028,Brazilian_E_Commerce
local029,Brazilian_E_Commerce
local030,Brazilian_E_Commerce
local031,Brazilian_E_Commerce
local032,Brazilian_E_Commerce
local034,Brazilian_E_Commerce
local035,Brazilian_E_Commerce
local037,Brazilian_E_Commerce
local038,Pagila
local039,Pagila
local040,modern_data
local041,modern_data
local049,modern_data
local050,complex_oracle
local054,chinook
local055,chinook
local056,SQLITE_SAKILA
local058,education_business
local059,education_business
local060,complex_oracle
local061,complex_oracle
local062,complex_oracle
local063,complex_oracle
local064,bank_sales_trading
local065,modern_data
local066,modern_data
local067,complex_oracle
local068,city_legislation
local070,city_legislation
local071,city_legislation
local072,city_legislation
local073,modern_data
local074,bank_sales_trading
local075,bank_sales_trading
local077,bank_sales_trading
local078,bank_sales_trading
local081,northwind
local085,northwind
local096,DB_IMDB
local097,DB_IMDB
local098,DB_IMDB
local099,DB_IMDB
local100,DB_IMDB
local114,education_business
local128,BowlingLeague
local130,school_scheduling
local131,EntertainmentAgency
local132,EntertainmentAgency
local133,EntertainmentAgency
local141,AdventureWorks
local152,imdb_movies
local156,bank_sales_trading
local157,bank_sales_trading
local163,education_business
local167,city_legislation
local168,city_legislation
local169,city_legislation
local170,city_legislation
local171,city_legislation
local193,SQLITE_SAKILA
local194,SQLITE_SAKILA
local195,SQLITE_SAKILA
local196,SQLITE_SAKILA
local197,SQLITE_SAKILA
local198,chinook
local199,SQLITE_SAKILA
local201,modern_data
local202,city_legislation
local209,delivery_center
local210,delivery_center
local212,delivery_center
local218,EU_soccer
local219,EU_soccer
local220,EU_soccer
local221,EU_soccer
local228,IPL
local229,IPL
local230,imdb_movies
local244,music
local253,education_business
local258,IPL
local259,IPL
local262,stacking
local263,stacking
local264,stacking
local269,oracle_sql
local270,oracle_sql
local272,oracle_sql
local273,oracle_sql
local274,oracle_sql
local275,oracle_sql
local277,oracle_sql
local279,oracle_sql
local283,EU_soccer
local284,bank_sales_trading
local285,bank_sales_trading
local286,electronic_sales
local297,bank_sales_trading
local298,bank_sales_trading
local299,bank_sales_trading
local300,bank_sales_trading
local301,bank_sales_trading
local302,bank_sales_trading
local309,f1
local310,f1
local311,f1
local329,log
local330,log
local331,log
local335,f1
local336,f1
local344,f1
local354,f1
local355,f1
local356,f1
local358,log
local360,log